artist,artist_followers,artist_popularity,duration_ms,acousticness,analysis_url,danceability,duration_ms.1,energy,id,instrumentalness,key,liveness,loudness,mode,speechiness,tempo,time_signature,track_href,type,uri,valence,lyric_total_word_count,lyric_unique_word_count,popularity,release_date,release_year,song_id,song_name,track,Predict_Prob
Camila Cabello,7359790,88,217306,0.184,https://api.spotify.com/v1/audio-analysis/1rfofaqEpACxVEHIZBJe6W,0.765,217307,0.523,1rfofaqEpACxVEHIZBJe6W,3.5600000000000005e-05,2,0.132,-4.333,1,0.03,104.988,4,https://api.spotify.com/v1/tracks/1rfofaqEpACxVEHIZBJe6W,audio_features,spotify:track:1rfofaqEpACxVEHIZBJe6W,0.39399999999999996,626,180,87,1/12/18,2018,1rfofaqEpACxVEHIZBJe6W,Havana,Havana,0.665
G-Eazy,3555960,86,245386,0.0117,https://api.spotify.com/v1/audio-analysis/2Xqd0wUttjueBfdcltADOv,0.838,245387,0.7709999999999999,2Xqd0wUttjueBfdcltADOv,0.0,1,0.0853,-3.7910000000000004,1,0.244,175.957,4,https://api.spotify.com/v1/tracks/2Xqd0wUttjueBfdcltADOv,audio_features,spotify:track:2Xqd0wUttjueBfdcltADOv,0.405,990,252,77,9/7/17,2017,2Xqd0wUttjueBfdcltADOv,No Limit,No Limit,0.18
Halsey,4372908,91,181279,0.0604,https://api.spotify.com/v1/audio-analysis/7y9iMe8SOB6z3NoHE2OfXl,0.675,181279,0.7509999999999999,7y9iMe8SOB6z3NoHE2OfXl,0.0,0,0.0893,-3.5389999999999997,1,0.0296,118.384,4,https://api.spotify.com/v1/tracks/7y9iMe8SOB6z3NoHE2OfXl,audio_features,spotify:track:7y9iMe8SOB6z3NoHE2OfXl,0.612,524,150,79,6/2/17,2017,7y9iMe8SOB6z3NoHE2OfXl,Bad at Love,Bad At Love,0.195
Panic! At The Disco,5397719,88,190946,0.193,https://api.spotify.com/v1/audio-analysis/1rqqCSm0Qe4I9rUvWncaom,0.579,190947,0.904,1rqqCSm0Qe4I9rUvWncaom,0.0,5,0.064,-2.7289999999999996,1,0.0618,82.014,4,https://api.spotify.com/v1/tracks/1rqqCSm0Qe4I9rUvWncaom,audio_features,spotify:track:1rqqCSm0Qe4I9rUvWncaom,0.6809999999999999,544,124,90,6/22/18,2018,1rqqCSm0Qe4I9rUvWncaom,High Hopes,High Hopes,0.73
Ariana Grande,20732435,96,207333,0.28,https://api.spotify.com/v1/audio-analysis/2rPE9A1vEgShuZxxzR2tZH,0.7240000000000001,207333,0.647,2rPE9A1vEgShuZxxzR2tZH,0.0,1,0.102,-5.642,1,0.0658,106.96,4,https://api.spotify.com/v1/tracks/2rPE9A1vEgShuZxxzR2tZH,audio_features,spotify:track:2rPE9A1vEgShuZxxzR2tZH,0.435,586,175,100,11/3/18,2018,2rPE9A1vEgShuZxxzR2tZH,"Thank U, Next","thank u, next",0.765
Halsey,4372908,91,201660,0.297,https://api.spotify.com/v1/audio-analysis/5p7ujcrUXASCNwRaWNHR1C,0.752,201661,0.488,5p7ujcrUXASCNwRaWNHR1C,9.11e-06,6,0.0936,-7.05,1,0.0705,136.041,4,https://api.spotify.com/v1/tracks/5p7ujcrUXASCNwRaWNHR1C,audio_features,spotify:track:5p7ujcrUXASCNwRaWNHR1C,0.5329999999999999,510,142,96,10/4/18,2018,5p7ujcrUXASCNwRaWNHR1C,Without Me,Without Me,0.685
Sheck Wes,183535,83,183906,0.19399999999999998,https://api.spotify.com/v1/audio-analysis/1xzBco0xcoJEDXktl7Jxrr,0.7290000000000001,183907,0.625,1xzBco0xcoJEDXktl7Jxrr,0.009859999999999999,4,0.248,-5.266,1,0.0315,146.034,4,https://api.spotify.com/v1/tracks/1xzBco0xcoJEDXktl7Jxrr,audio_features,spotify:track:1xzBco0xcoJEDXktl7Jxrr,0.261,417,166,93,10/5/18,2018,1xzBco0xcoJEDXktl7Jxrr,Mo Bamba,Mo Bamba,0.68
Kodak Black,3886241,91,228653,0.071,https://api.spotify.com/v1/audio-analysis/7l3E7lcozEodtVsSTCkcaA,0.826,225199,0.615,7l3E7lcozEodtVsSTCkcaA,0.0,8,0.0965,-7.979,0,0.21899999999999997,98.056,4,https://api.spotify.com/v1/tracks/7l3E7lcozEodtVsSTCkcaA,audio_features,spotify:track:7l3E7lcozEodtVsSTCkcaA,0.5429999999999999,613,412,95,10/12/18,2018,7l3E7lcozEodtVsSTCkcaA,Zeze,ZEZE (feat. Travis Scott & Offset),0.715
Bad Bunny,9481969,95,210367,0.0141,https://api.spotify.com/v1/audio-analysis/116H0KvKr2Zl4RPuVBruDO,0.8170000000000001,210368,0.539,116H0KvKr2Zl4RPuVBruDO,0.000496,6,0.099,-6.349,0,0.0621,97.06200000000001,4,https://api.spotify.com/v1/tracks/116H0KvKr2Zl4RPuVBruDO,audio_features,spotify:track:116H0KvKr2Zl4RPuVBruDO,0.158,613,412,97,10/11/18,2018,116H0KvKr2Zl4RPuVBruDO,Mia,MIA (feat. Drake),0.705
Lil Baby,1000897,91,145603,0.0945,https://api.spotify.com/v1/audio-analysis/1BxkZE73h9BN3qwuA15TA3,0.9,145603,0.653,1BxkZE73h9BN3qwuA15TA3,0.0,1,0.528,-6.962000000000001,0,0.289,112.50299999999999,4,https://api.spotify.com/v1/tracks/1BxkZE73h9BN3qwuA15TA3,audio_features,spotify:track:1BxkZE73h9BN3qwuA15TA3,0.39899999999999997,657,192,90,9/12/18,2018,1BxkZE73h9BN3qwuA15TA3,Drip Too Hard,Drip Too Hard,0.74
Lady Gaga,6046162,93,215733,0.371,https://api.spotify.com/v1/audio-analysis/2VxeLyX666F8uXCJ0dZF8B,0.5720000000000001,215733,0.385,2VxeLyX666F8uXCJ0dZF8B,0.0,7,0.231,-6.362,1,0.0308,95.79899999999999,4,https://api.spotify.com/v1/tracks/2VxeLyX666F8uXCJ0dZF8B,audio_features,spotify:track:2VxeLyX666F8uXCJ0dZF8B,0.32299999999999995,274,102,92,10/5/18,2018,2VxeLyX666F8uXCJ0dZF8B,Shallow,Shallow,0.695
Marshmello,6694178,90,214289,0.191,https://api.spotify.com/v1/audio-analysis/2dpaYNEQHiRxtZbfNsse99,0.687,214290,0.792,2dpaYNEQHiRxtZbfNsse99,0.0,5,0.16699999999999998,-2.7489999999999997,1,0.0452,100.015,4,https://api.spotify.com/v1/tracks/2dpaYNEQHiRxtZbfNsse99,audio_features,spotify:track:2dpaYNEQHiRxtZbfNsse99,0.6709999999999999,486,133,97,8/17/18,2018,2dpaYNEQHiRxtZbfNsse99,Happier,Happier,0.69
Lil Wayne,6890951,93,324189,0.371,https://api.spotify.com/v1/audio-analysis/0dbTQYW3Ad1FTzIA9t90E8,0.855,324189,0.6940000000000001,0dbTQYW3Ad1FTzIA9t90E8,0.0,2,0.109,-4.393,1,0.16899999999999998,122.07799999999999,4,https://api.spotify.com/v1/tracks/0dbTQYW3Ad1FTzIA9t90E8,audio_features,spotify:track:0dbTQYW3Ad1FTzIA9t90E8,0.49,570,377,86,9/28/18,2018,0dbTQYW3Ad1FTzIA9t90E8,Mona Lisa,Mona Lisa (feat. Kendrick Lamar),0.745
Lil Wayne,6890952,93,249450,0.409,https://api.spotify.com/v1/audio-analysis/5BQrp63SHCVf4bzCzJePne,0.585,249450,0.7090000000000001,5BQrp63SHCVf4bzCzJePne,0.0,8,0.183,-6.072,1,0.319,111.913,4,https://api.spotify.com/v1/tracks/5BQrp63SHCVf4bzCzJePne,audio_features,spotify:track:5BQrp63SHCVf4bzCzJePne,0.21,570,377,82,9/28/18,2018,5BQrp63SHCVf4bzCzJePne,Don't Cry,Don't Cry (feat. XXXTENTACION),0.64
Lil Wayne,6890952,93,194184,0.0595,https://api.spotify.com/v1/audio-analysis/3wScL5W8H40zzCKN0atfBk,0.743,194184,0.87,3wScL5W8H40zzCKN0atfBk,0.0,1,0.299,-2.188,1,0.212,99.075,4,https://api.spotify.com/v1/tracks/3wScL5W8H40zzCKN0atfBk,audio_features,spotify:track:3wScL5W8H40zzCKN0atfBk,0.884,737,249,84,9/28/18,2018,3wScL5W8H40zzCKN0atfBk,Uproar,Uproar,0.65
Lil Wayne,6890952,93,186872,0.0414,https://api.spotify.com/v1/audio-analysis/0CBQ0m3mufWH75LTYB3s6h,0.902,186872,0.8190000000000001,0CBQ0m3mufWH75LTYB3s6h,0.0,1,0.106,-3.321,1,0.317,89.0,4,https://api.spotify.com/v1/tracks/0CBQ0m3mufWH75LTYB3s6h,audio_features,spotify:track:0CBQ0m3mufWH75LTYB3s6h,0.746,732,311,80,9/28/18,2018,0CBQ0m3mufWH75LTYB3s6h,Let It Fly,Let It Fly (feat. Travis Scott),0.585
Eminem,22112124,95,253579,0.0989,https://api.spotify.com/v1/audio-analysis/1jo3TwNGCXfNdB5uba3ZVv,0.892,253580,0.6509999999999999,1jo3TwNGCXfNdB5uba3ZVv,0.0,0,0.371,-8.645,0,0.37799999999999995,105.814,4,https://api.spotify.com/v1/tracks/1jo3TwNGCXfNdB5uba3ZVv,audio_features,spotify:track:1jo3TwNGCXfNdB5uba3ZVv,0.599,1191,520,86,9/19/18,2018,1jo3TwNGCXfNdB5uba3ZVv,Killshot,Killshot,0.735
5 Seconds of Summer,3788683,85,203417,0.0169,https://api.spotify.com/v1/audio-analysis/55S2PQgSMYAhgoTCcGCDfw,0.596,203418,0.8540000000000001,55S2PQgSMYAhgoTCcGCDfw,0.0,7,0.124,-5.114,0,0.46299999999999997,120.274,4,https://api.spotify.com/v1/tracks/55S2PQgSMYAhgoTCcGCDfw,audio_features,spotify:track:55S2PQgSMYAhgoTCcGCDfw,0.152,528,121,86,4/12/18,2018,55S2PQgSMYAhgoTCcGCDfw,Youngblood,Youngblood,0.675
Kanye West,8783339,92,127946,0.0114,https://api.spotify.com/v1/audio-analysis/4S8d14HvHb70ImctNgVzQQ,0.9009999999999999,127947,0.522,4S8d14HvHb70ImctNgVzQQ,0.0,2,0.259,-8.304,1,0.33,104.053,4,https://api.spotify.com/v1/tracks/4S8d14HvHb70ImctNgVzQQ,audio_features,spotify:track:4S8d14HvHb70ImctNgVzQQ,0.32899999999999996,533,180,93,9/7/18,2018,4S8d14HvHb70ImctNgVzQQ,I Love It,I Love It (& Lil Pump),0.725
Eminem,22112125,95,244679,0.0627,https://api.spotify.com/v1/audio-analysis/60SdxE8apGAxMiRrpbmLY0,0.8759999999999999,244679,0.7859999999999999,60SdxE8apGAxMiRrpbmLY0,0.0,10,0.127,-4.8839999999999995,0,0.306,153.06799999999998,4,https://api.spotify.com/v1/tracks/60SdxE8apGAxMiRrpbmLY0,audio_features,spotify:track:60SdxE8apGAxMiRrpbmLY0,0.575,1869,985,89,8/31/18,2018,60SdxE8apGAxMiRrpbmLY0,Lucky You,Lucky You (feat. Joyner Lucas),0.71
Eminem,22112128,95,337941,0.0311,https://api.spotify.com/v1/audio-analysis/2jt2WxXMCD4zjACthkJQVE,0.9390000000000001,337941,0.551,2jt2WxXMCD4zjACthkJQVE,0.0,1,0.192,-9.126,1,0.29100000000000004,118.552,4,https://api.spotify.com/v1/tracks/2jt2WxXMCD4zjACthkJQVE,audio_features,spotify:track:2jt2WxXMCD4zjACthkJQVE,0.42,1663,651,84,8/31/18,2018,2jt2WxXMCD4zjACthkJQVE,The Ringer,The Ringer,0.705
Khalid,3957865,96,201707,0.0956,https://api.spotify.com/v1/audio-analysis/45Egmo7icyopuzJN0oMEdk,0.708,201707,0.648,45Egmo7icyopuzJN0oMEdk,0.0,6,0.134,-5.626,1,0.0449,143.955,4,https://api.spotify.com/v1/tracks/45Egmo7icyopuzJN0oMEdk,audio_features,spotify:track:45Egmo7icyopuzJN0oMEdk,0.33799999999999997,494,143,86,2/14/18,2018,45Egmo7icyopuzJN0oMEdk,Love Lies,Love Lies (with Normani),0.725
Ariana Grande,20732469,96,197546,0.0233,https://api.spotify.com/v1/audio-analysis/5OCJzvD7sykQEKHH7qAC3C,0.602,197547,0.6579999999999999,5OCJzvD7sykQEKHH7qAC3C,5.9999999999999995e-05,1,0.237,-5.934,1,0.0558,145.031,4,https://api.spotify.com/v1/tracks/5OCJzvD7sykQEKHH7qAC3C,audio_features,spotify:track:5OCJzvD7sykQEKHH7qAC3C,0.268,526,127,89,8/17/18,2018,5OCJzvD7sykQEKHH7qAC3C,God Is a Woman,God is a woman,0.715
Travis Scott,3770224,96,312820,0.00513,https://api.spotify.com/v1/audio-analysis/2xLMifQCjDGFmkHkpNLD9h,0.8340000000000001,312820,0.73,2xLMifQCjDGFmkHkpNLD9h,0.0,8,0.124,-3.714,1,0.222,155.00799999999998,4,https://api.spotify.com/v1/tracks/2xLMifQCjDGFmkHkpNLD9h,audio_features,spotify:track:2xLMifQCjDGFmkHkpNLD9h,0.446,1020,400,96,8/3/18,2018,2xLMifQCjDGFmkHkpNLD9h,Sicko Mode,SICKO MODE,0.695
Travis Scott,3770224,96,270714,0.009470000000000001,https://api.spotify.com/v1/audio-analysis/7wBJfHzpfI3032CSD7CE2m,0.48700000000000004,270715,0.789,7wBJfHzpfI3032CSD7CE2m,4.05e-06,8,0.18899999999999997,-3.69,1,0.044000000000000004,150.007,4,https://api.spotify.com/v1/tracks/7wBJfHzpfI3032CSD7CE2m,audio_features,spotify:track:7wBJfHzpfI3032CSD7CE2m,0.0564,623,249,86,8/3/18,2018,7wBJfHzpfI3032CSD7CE2m,Stargazing,STARGAZING,0.72
DJ Khaled,3272954,82,260000,0.0733,https://api.spotify.com/v1/audio-analysis/5WvAo7DNuPRmk4APhdPzi8,0.552,260000,0.76,5WvAo7DNuPRmk4APhdPzi8,0.0,0,0.0865,-4.706,1,0.342,135.702,5,https://api.spotify.com/v1/tracks/5WvAo7DNuPRmk4APhdPzi8,audio_features,spotify:track:5WvAo7DNuPRmk4APhdPzi8,0.639,910,252,87,7/27/18,2018,5WvAo7DNuPRmk4APhdPzi8,No Brainer,No Brainer,0.67
6ix9ine,2852055,89,179404,0.08800000000000001,https://api.spotify.com/v1/audio-analysis/2E124GmJRnBJuXbTb4cPUB,0.9309999999999999,179405,0.387,2E124GmJRnBJuXbTb4cPUB,0.0,1,0.136,-9.127,1,0.41200000000000003,125.978,4,https://api.spotify.com/v1/tracks/2E124GmJRnBJuXbTb4cPUB,audio_features,spotify:track:2E124GmJRnBJuXbTb4cPUB,0.376,664,288,90,7/22/18,2018,2E124GmJRnBJuXbTb4cPUB,Fefe,FEFE (feat. Nicki Minaj & Murda Beatz),0.695
Tyga,4133182,87,232959,0.0236,https://api.spotify.com/v1/audio-analysis/5IaHrVsrferBYDm0bDyABy,0.884,232959,0.5589999999999999,5IaHrVsrferBYDm0bDyABy,0.0,0,0.10099999999999999,-7.442,1,0.12,97.994,4,https://api.spotify.com/v1/tracks/5IaHrVsrferBYDm0bDyABy,audio_features,spotify:track:5IaHrVsrferBYDm0bDyABy,0.342,618,400,91,5/16/18,2018,5IaHrVsrferBYDm0bDyABy,Taste,Taste (feat. Offset),0.795
Drake,29562408,100,238614,0.0164,https://api.spotify.com/v1/audio-analysis/0TlLq3lA83rQOYtrqBqSct,0.912,238614,0.41200000000000003,0TlLq3lA83rQOYtrqBqSct,0.013000000000000001,7,0.10400000000000001,-8.074,1,0.124,154.983,4,https://api.spotify.com/v1/tracks/0TlLq3lA83rQOYtrqBqSct,audio_features,spotify:track:0TlLq3lA83rQOYtrqBqSct,0.42200000000000004,880,291,90,6/29/18,2018,0TlLq3lA83rQOYtrqBqSct,Nonstop,Nonstop,0.64
Drake,29562411,100,217925,0.0589,https://api.spotify.com/v1/audio-analysis/2G7V7zsVDxg1yRsu7Ew9RJ,0.835,217925,0.626,2G7V7zsVDxg1yRsu7Ew9RJ,5.9999999999999995e-05,1,0.396,-5.832999999999999,1,0.125,91.03,4,https://api.spotify.com/v1/tracks/2G7V7zsVDxg1yRsu7Ew9RJ,audio_features,spotify:track:2G7V7zsVDxg1yRsu7Ew9RJ,0.35,701,213,92,6/29/18,2018,2G7V7zsVDxg1yRsu7Ew9RJ,In My Feelings,In My Feelings,0.685
Drake,29562411,100,214466,0.27899999999999997,https://api.spotify.com/v1/audio-analysis/3qN5qMTKyEEmiTZD38BNTT,0.899,214467,0.586,3qN5qMTKyEEmiTZD38BNTT,0.0,11,0.0836,-7.8660000000000005,0,0.344,150.001,4,https://api.spotify.com/v1/tracks/3qN5qMTKyEEmiTZD38BNTT,audio_features,spotify:track:3qN5qMTKyEEmiTZD38BNTT,0.49200000000000005,512,229,81,6/29/18,2018,3qN5qMTKyEEmiTZD38BNTT,I'm Upset,I'm Upset,0.635
Drake,29562413,100,302173,0.0249,https://api.spotify.com/v1/audio-analysis/5Psnhdkyanjpgc2P8A5TSM,0.413,302173,0.677,5Psnhdkyanjpgc2P8A5TSM,0.0,1,0.0793,-5.12,1,0.255,172.50099999999998,4,https://api.spotify.com/v1/tracks/5Psnhdkyanjpgc2P8A5TSM,audio_features,spotify:track:5Psnhdkyanjpgc2P8A5TSM,0.0845,709,291,75,6/29/18,2018,5Psnhdkyanjpgc2P8A5TSM,Emotionless,Emotionless,0.605
Drake,29562413,100,245786,0.493,https://api.spotify.com/v1/audio-analysis/6G8kHiVZ1jW7vHMPVRNZU0,0.826,245787,0.318,6G8kHiVZ1jW7vHMPVRNZU0,0.0131,10,0.11,-12.390999999999998,1,0.0574,103.00200000000001,4,https://api.spotify.com/v1/tracks/6G8kHiVZ1jW7vHMPVRNZU0,audio_features,spotify:track:6G8kHiVZ1jW7vHMPVRNZU0,0.138,403,117,84,6/29/18,2018,6G8kHiVZ1jW7vHMPVRNZU0,Don't Matter to Me,Don’t Matter To Me (with Michael Jackson),0.61
Maroon 5,14375227,90,235545,0.568,https://api.spotify.com/v1/audio-analysis/6FRLCMO5TUHTexlWo8ym1W,0.851,235545,0.541,6FRLCMO5TUHTexlWo8ym1W,0.0,0,0.13,-6.825,1,0.0505,124.959,4,https://api.spotify.com/v1/tracks/6FRLCMO5TUHTexlWo8ym1W,audio_features,spotify:track:6FRLCMO5TUHTexlWo8ym1W,0.44799999999999995,595,388,90,5/30/18,2018,6FRLCMO5TUHTexlWo8ym1W,Girls Like You,Girls Like You (feat. Cardi B),0.825
Kanye West,8783341,92,188773,0.15,https://api.spotify.com/v1/audio-analysis/1qsHYUd2c1wFGcn7e63QmG,0.6829999999999999,188773,0.7759999999999999,1qsHYUd2c1wFGcn7e63QmG,0.0,1,0.22699999999999998,-3.2510000000000003,0,0.341,173.99599999999998,4,https://api.spotify.com/v1/tracks/1qsHYUd2c1wFGcn7e63QmG,audio_features,spotify:track:1qsHYUd2c1wFGcn7e63QmG,0.223,570,235,69,6/1/18,2018,1qsHYUd2c1wFGcn7e63QmG,Yikes,Yikes,0.585
Juice WRLD,2047149,93,239835,0.349,https://api.spotify.com/v1/audio-analysis/0s3nnoMeVWz3989MkNQiRf,0.511,239836,0.5660000000000001,0s3nnoMeVWz3989MkNQiRf,0.0,6,0.34,-7.23,0,0.2,83.90299999999999,4,https://api.spotify.com/v1/tracks/0s3nnoMeVWz3989MkNQiRf,audio_features,spotify:track:0s3nnoMeVWz3989MkNQiRf,0.218,666,148,94,5/23/18,2018,0s3nnoMeVWz3989MkNQiRf,Lucid Dreams,Lucid Dreams,0.77
Lil Baby,1000909,91,142273,0.035,https://api.spotify.com/v1/audio-analysis/6vN77lE9LK6HP2DewaN6HZ,0.9640000000000001,142273,0.34600000000000003,6vN77lE9LK6HP2DewaN6HZ,0.0,5,0.10800000000000001,-9.309,0,0.53,119.958,4,https://api.spotify.com/v1/tracks/6vN77lE9LK6HP2DewaN6HZ,audio_features,spotify:track:6vN77lE9LK6HP2DewaN6HZ,0.562,542,219,87,5/18/18,2018,6vN77lE9LK6HP2DewaN6HZ,Yes Indeed,Yes Indeed,0.68
Ella Mai,778777,82,256063,0.0862,https://api.spotify.com/v1/audio-analysis/0At2qAoaVjIwWNAqrscXli,0.561,256064,0.779,0At2qAoaVjIwWNAqrscXli,0.0,10,0.078,-5.107,0,0.0531,81.965,4,https://api.spotify.com/v1/tracks/0At2qAoaVjIwWNAqrscXli,audio_features,spotify:track:0At2qAoaVjIwWNAqrscXli,0.235,560,125,81,2/22/17,2017,0At2qAoaVjIwWNAqrscXli,Boo'd Up,Boo'd Up,0.235
Drake,29562420,100,210937,0.10800000000000001,https://api.spotify.com/v1/audio-analysis/343YBumqHu19cGoGARUTsd,0.927,210937,0.488,343YBumqHu19cGoGARUTsd,0.0,9,0.196,-9.433,0,0.42,133.987,4,https://api.spotify.com/v1/tracks/343YBumqHu19cGoGARUTsd,audio_features,spotify:track:343YBumqHu19cGoGARUTsd,0.605,551,124,76,3/18/17,2017,343YBumqHu19cGoGARUTsd,Fake Love,Fake Love,0.08
Childish Gambino,4086328,82,225773,0.11699999999999999,https://api.spotify.com/v1/audio-analysis/0b9oOr2ZgvyQu88wzixux9,0.8540000000000001,225773,0.46299999999999997,0b9oOr2ZgvyQu88wzixux9,0.0,5,0.354,-6.159,1,0.13699999999999998,120.024,4,https://api.spotify.com/v1/tracks/0b9oOr2ZgvyQu88wzixux9,audio_features,spotify:track:0b9oOr2ZgvyQu88wzixux9,0.5489999999999999,840,207,80,5/6/18,2018,0b9oOr2ZgvyQu88wzixux9,This Is America,This Is America,0.66
Camila Cabello,7359807,88,226973,0.18100000000000002,https://api.spotify.com/v1/audio-analysis/4eWQlBRaTjPPUlzacqEeoQ,0.637,226973,0.713,4eWQlBRaTjPPUlzacqEeoQ,0.000637,0,0.13699999999999998,-4.333,1,0.0747,129.923,4,https://api.spotify.com/v1/tracks/4eWQlBRaTjPPUlzacqEeoQ,audio_features,spotify:track:4eWQlBRaTjPPUlzacqEeoQ,0.243,558,110,80,1/12/18,2018,4eWQlBRaTjPPUlzacqEeoQ,Never Be the Same,Never Be the Same,0.565
Post Malone,8814524,96,231266,0.354,https://api.spotify.com/v1/audio-analysis/7dt6x5M1jzdTEt8oCbisTK,0.68,231267,0.563,7dt6x5M1jzdTEt8oCbisTK,0.0,10,0.136,-5.843,1,0.0454,145.028,4,https://api.spotify.com/v1/tracks/7dt6x5M1jzdTEt8oCbisTK,audio_features,spotify:track:7dt6x5M1jzdTEt8oCbisTK,0.374,599,149,92,4/27/18,2018,7dt6x5M1jzdTEt8oCbisTK,Better Now,Better Now,0.74
Ariana Grande,20732485,96,205920,0.04,https://api.spotify.com/v1/audio-analysis/2qT1uLXPVPzGgFOx4jtEuo,0.6990000000000001,205920,0.713,2qT1uLXPVPzGgFOx4jtEuo,3.11e-06,9,0.294,-5.507000000000001,0,0.0594,121.993,4,https://api.spotify.com/v1/tracks/2qT1uLXPVPzGgFOx4jtEuo,audio_features,spotify:track:2qT1uLXPVPzGgFOx4jtEuo,0.354,720,113,89,8/17/18,2018,2qT1uLXPVPzGgFOx4jtEuo,No Tears Left to Cry,no tears left to cry,0.685
J. Cole,6778692,88,216726,0.115,https://api.spotify.com/v1/audio-analysis/2UciqgwVDwro0fev3MFbxJ,0.7190000000000001,216727,0.49700000000000005,2UciqgwVDwro0fev3MFbxJ,0.0,8,0.0898,-7.6610000000000005,1,0.6809999999999999,81.65100000000001,4,https://api.spotify.com/v1/tracks/2UciqgwVDwro0fev3MFbxJ,audio_features,spotify:track:2UciqgwVDwro0fev3MFbxJ,0.345,754,208,74,4/20/18,2018,2UciqgwVDwro0fev3MFbxJ,ATM,ATM,0.605
J. Cole,6778692,88,200309,0.48200000000000004,https://api.spotify.com/v1/audio-analysis/6tZ3b7ik1QDXFAZlXib0YZ,0.8290000000000001,200310,0.527,6tZ3b7ik1QDXFAZlXib0YZ,0.0,6,0.631,-6.644,0,0.36700000000000005,116.07799999999999,4,https://api.spotify.com/v1/tracks/6tZ3b7ik1QDXFAZlXib0YZ,audio_features,spotify:track:6tZ3b7ik1QDXFAZlXib0YZ,0.473,750,229,76,4/20/18,2018,6tZ3b7ik1QDXFAZlXib0YZ,Kevin's Heart,Kevin’s Heart,0.625
J. Cole,6778694,88,191436,0.21,https://api.spotify.com/v1/audio-analysis/7yotKA30dwTKNEGomV9ZsI,0.831,191437,0.782,7yotKA30dwTKNEGomV9ZsI,0.0,0,0.113,-6.274,1,0.15,141.869,4,https://api.spotify.com/v1/tracks/7yotKA30dwTKNEGomV9ZsI,audio_features,spotify:track:7yotKA30dwTKNEGomV9ZsI,0.19899999999999998,756,225,78,4/20/18,2018,7yotKA30dwTKNEGomV9ZsI,KOD,KOD,0.66
Nicki Minaj,13336051,95,191605,0.307,https://api.spotify.com/v1/audio-analysis/2gTYVoQCUh0QNUaFix01ld,0.643,191606,0.7659999999999999,2gTYVoQCUh0QNUaFix01ld,1.3800000000000002e-05,6,0.107,-4.788,0,0.384,97.09200000000001,4,https://api.spotify.com/v1/tracks/2gTYVoQCUh0QNUaFix01ld,audio_features,spotify:track:2gTYVoQCUh0QNUaFix01ld,0.46299999999999997,553,222,75,4/12/18,2018,2gTYVoQCUh0QNUaFix01ld,Chun-Li,Chun-Li,0.585
Drake,29562427,100,210746,0.0891,https://api.spotify.com/v1/audio-analysis/3CA9pLiwRIGtUBiMjbZmRw,0.586,210747,0.909,3CA9pLiwRIGtUBiMjbZmRw,0.000109,8,0.11900000000000001,-6.474,1,0.0705,93.39399999999999,4,https://api.spotify.com/v1/tracks/3CA9pLiwRIGtUBiMjbZmRw,audio_features,spotify:track:3CA9pLiwRIGtUBiMjbZmRw,0.757,1241,240,86,6/29/18,2018,3CA9pLiwRIGtUBiMjbZmRw,Nice for What,Nice For What,0.715
Cardi B,5190589,95,253390,0.099,https://api.spotify.com/v1/audio-analysis/58q2HKrzhC3ozto2nDdN4z,0.816,253390,0.726,58q2HKrzhC3ozto2nDdN4z,0.0,5,0.37200000000000005,-3.998,0,0.129,136.048,4,https://api.spotify.com/v1/tracks/58q2HKrzhC3ozto2nDdN4z,audio_features,spotify:track:58q2HKrzhC3ozto2nDdN4z,0.65,957,358,91,4/6/18,2018,58q2HKrzhC3ozto2nDdN4z,I Like It,I Like It,0.775
The Weeknd,13439861,90,228373,0.21100000000000002,https://api.spotify.com/v1/audio-analysis/4MPTj8lMMvxLwT3EwuXFop,0.449,228373,0.599,4MPTj8lMMvxLwT3EwuXFop,0.0,1,0.327,-4.8919999999999995,1,0.0369,134.144,3,https://api.spotify.com/v1/tracks/4MPTj8lMMvxLwT3EwuXFop,audio_features,spotify:track:4MPTj8lMMvxLwT3EwuXFop,0.165,406,117,83,3/30/18,2018,4MPTj8lMMvxLwT3EwuXFop,Call Out My Name,Call Out My Name,0.645
Migos,7825280,87,276147,0.0739,https://api.spotify.com/v1/audio-analysis/6n4U3TlzUGhdSFbUUhTvLP,0.909,276147,0.628,6n4U3TlzUGhdSFbUUhTvLP,0.0,2,0.10800000000000001,-5.456,1,0.201,145.905,4,https://api.spotify.com/v1/tracks/6n4U3TlzUGhdSFbUUhTvLP,audio_features,spotify:track:6n4U3TlzUGhdSFbUUhTvLP,0.406,1328,334,83,1/26/18,2018,6n4U3TlzUGhdSFbUUhTvLP,Walk It Talk It,Walk It Talk It,0.695
XXXTENTACION,8289376,98,166605,0.258,https://api.spotify.com/v1/audio-analysis/3ee8Jmje8o58CHK66QrVC2,0.74,166606,0.613,3ee8Jmje8o58CHK66QrVC2,0.00372,8,0.12300000000000001,-4.88,1,0.145,75.023,4,https://api.spotify.com/v1/tracks/3ee8Jmje8o58CHK66QrVC2,audio_features,spotify:track:3ee8Jmje8o58CHK66QrVC2,0.473,375,67,93,3/16/18,2018,3ee8Jmje8o58CHK66QrVC2,Sad!,SAD!,0.655
Lil Dicky,1015490,75,216631,0.147,https://api.spotify.com/v1/audio-analysis/10Igtw8bSDyyFs7KIsKngZ,0.755,216632,0.599,10Igtw8bSDyyFs7KIsKngZ,0.0,8,0.109,-5.042,1,0.22399999999999998,133.123,4,https://api.spotify.com/v1/tracks/10Igtw8bSDyyFs7KIsKngZ,audio_features,spotify:track:10Igtw8bSDyyFs7KIsKngZ,0.755,561,314,82,3/15/18,2018,10Igtw8bSDyyFs7KIsKngZ,Freaky Friday,Freaky Friday (feat. Chris Brown),0.57
Zedd,3607049,86,184732,0.171,https://api.spotify.com/v1/audio-analysis/09IStsImFySgyp0pIQdqAc,0.753,184732,0.657,09IStsImFySgyp0pIQdqAc,0.0,7,0.11199999999999999,-3.0610000000000004,1,0.0449,107.01,4,https://api.spotify.com/v1/tracks/09IStsImFySgyp0pIQdqAc,audio_features,spotify:track:09IStsImFySgyp0pIQdqAc,0.43700000000000006,435,113,87,1/23/18,2018,09IStsImFySgyp0pIQdqAc,The Middle,The Middle,0.7
Post Malone,8814534,96,221440,0.58,https://api.spotify.com/v1/audio-analysis/3swc6WTsr7rl9DqQKQA55C,0.7390000000000001,221440,0.5589999999999999,3swc6WTsr7rl9DqQKQA55C,0.0,8,0.11199999999999999,-8.011000000000001,1,0.11699999999999999,140.124,4,https://api.spotify.com/v1/tracks/3swc6WTsr7rl9DqQKQA55C,audio_features,spotify:track:3swc6WTsr7rl9DqQKQA55C,0.439,522,350,88,4/27/18,2018,3swc6WTsr7rl9DqQKQA55C,Psycho,Psycho (feat. Ty Dolla $ign),0.74
BlocBoy JB,524474,79,181263,0.0010400000000000001,https://api.spotify.com/v1/audio-analysis/4qKcDkK6siZ7Jp1Jb4m0aL,0.922,181263,0.581,4qKcDkK6siZ7Jp1Jb4m0aL,5.8599999999999995e-05,10,0.105,-7.495,1,0.27,140.02200000000002,4,https://api.spotify.com/v1/tracks/4qKcDkK6siZ7Jp1Jb4m0aL,audio_features,spotify:track:4qKcDkK6siZ7Jp1Jb4m0aL,0.595,453,302,86,2/9/18,2018,4qKcDkK6siZ7Jp1Jb4m0aL,Look Alive,Look Alive (feat. Drake),0.62
Kendrick Lamar,11295285,91,232186,0.0605,https://api.spotify.com/v1/audio-analysis/3GCdLUSnKSMJhs4Tj6CV3s,0.698,232187,0.633,3GCdLUSnKSMJhs4Tj6CV3s,0.000194,8,0.0926,-4.946000000000001,1,0.0597,96.92399999999999,4,https://api.spotify.com/v1/tracks/3GCdLUSnKSMJhs4Tj6CV3s,audio_features,spotify:track:3GCdLUSnKSMJhs4Tj6CV3s,0.552,563,173,82,2/9/18,2018,3GCdLUSnKSMJhs4Tj6CV3s,All the Stars,All The Stars (with SZA),0.595
The Weeknd,11295285,91,211440,0.0762,https://api.spotify.com/v1/audio-analysis/77UjLW8j5UAGAGVGhR5oUK,0.735,211440,0.677,77UjLW8j5UAGAGVGhR5oUK,2.17e-05,2,0.111,-4.979,1,0.09300000000000001,100.584,4,https://api.spotify.com/v1/tracks/77UjLW8j5UAGAGVGhR5oUK,audio_features,spotify:track:77UjLW8j5UAGAGVGhR5oUK,0.188,453,248,80,2/9/18,2018,77UjLW8j5UAGAGVGhR5oUK,Pray for Me,Pray For Me (with Kendrick Lamar),0.575
Migos,7825287,87,190288,0.00299,https://api.spotify.com/v1/audio-analysis/2UVbBKQOdFAekPTRsnkzcf,0.815,190288,0.816,2UVbBKQOdFAekPTRsnkzcf,0.0,2,0.159,-5.474,1,0.26899999999999996,181.967,4,https://api.spotify.com/v1/tracks/2UVbBKQOdFAekPTRsnkzcf,audio_features,spotify:track:2UVbBKQOdFAekPTRsnkzcf,0.498,819,264,80,1/26/18,2018,2UVbBKQOdFAekPTRsnkzcf,Stir Fry,Stir Fry,0.62
Bebe Rexha,2663593,87,163870,0.047,https://api.spotify.com/v1/audio-analysis/7iDa6hUg2VgEL1o1HjmfBn,0.643,163870,0.7829999999999999,7iDa6hUg2VgEL1o1HjmfBn,0.0,10,0.083,-6.457999999999999,1,0.0856,154.084,4,https://api.spotify.com/v1/tracks/7iDa6hUg2VgEL1o1HjmfBn,audio_features,spotify:track:7iDa6hUg2VgEL1o1HjmfBn,0.579,224,148,85,8/11/17,2017,7iDa6hUg2VgEL1o1HjmfBn,Meant to Be,Meant to Be (feat. Florida Georgia Line),0.44
Drake,29562448,100,198973,0.0332,https://api.spotify.com/v1/audio-analysis/6DCZcSspjsKoFjzjrWoCdn,0.754,198973,0.449,6DCZcSspjsKoFjzjrWoCdn,8.290000000000001e-05,7,0.552,-9.211,1,0.109,77.169,4,https://api.spotify.com/v1/tracks/6DCZcSspjsKoFjzjrWoCdn,audio_features,spotify:track:6DCZcSspjsKoFjzjrWoCdn,0.35700000000000004,463,154,89,6/29/18,2018,6DCZcSspjsKoFjzjrWoCdn,God's Plan,God's Plan,0.695
Drake,29562447,100,255866,0.0053100000000000005,https://api.spotify.com/v1/audio-analysis/4haJoBPbPj9QFKNpp9e8kx,0.654,255867,0.8390000000000001,4haJoBPbPj9QFKNpp9e8kx,0.0,9,0.308,-5.0760000000000005,0,0.44299999999999995,74.88600000000001,4,https://api.spotify.com/v1/tracks/4haJoBPbPj9QFKNpp9e8kx,audio_features,spotify:track:4haJoBPbPj9QFKNpp9e8kx,0.5489999999999999,743,386,61,1/20/18,2018,4haJoBPbPj9QFKNpp9e8kx,Diplomatic Immunity,Diplomatic Immunity,0.665
Bruno Mars,18257600,90,217288,0.0185,https://api.spotify.com/v1/audio-analysis/3Vo4wInECJQuz9BIBMOu8i,0.7040000000000001,217289,0.8590000000000001,3Vo4wInECJQuz9BIBMOu8i,0.0,5,0.0215,-4.877,0,0.0996,105.115,4,https://api.spotify.com/v1/tracks/3Vo4wInECJQuz9BIBMOu8i,audio_features,spotify:track:3Vo4wInECJQuz9BIBMOu8i,0.9259999999999999,311,226,81,12/20/17,2017,3Vo4wInECJQuz9BIBMOu8i,Finesse,Finesse (Remix) [feat. Cardi B],0.4
Justin Timberlake,7277303,83,293946,0.0354,https://api.spotify.com/v1/audio-analysis/1L3NV7VrCiuE8C5QlhdeQL,0.745,293947,0.579,1L3NV7VrCiuE8C5QlhdeQL,0.0118,1,0.24600000000000002,-5.771,1,0.138,97.00200000000001,4,https://api.spotify.com/v1/tracks/1L3NV7VrCiuE8C5QlhdeQL,audio_features,spotify:track:1L3NV7VrCiuE8C5QlhdeQL,0.645,582,129,56,1/5/18,2018,1L3NV7VrCiuE8C5QlhdeQL,Filthy,Filthy,0.635
Cardi B,5190606,95,223712,0.0659,https://api.spotify.com/v1/audio-analysis/6KBYefIoo7KydImq1uUQlL,0.9259999999999999,223713,0.703,6KBYefIoo7KydImq1uUQlL,0.0,11,0.231,-6.337000000000001,0,0.10300000000000001,125.022,4,https://api.spotify.com/v1/tracks/6KBYefIoo7KydImq1uUQlL,audio_features,spotify:track:6KBYefIoo7KydImq1uUQlL,0.485,852,246,79,4/6/18,2018,6KBYefIoo7KydImq1uUQlL,Bodak Yellow,Bodak Yellow,0.625
Sam Smith,7341436,90,201000,0.615,https://api.spotify.com/v1/audio-analysis/3VlbOrM6nYPprVvzBZllE5,0.6609999999999999,201000,0.373,3VlbOrM6nYPprVvzBZllE5,0.0,5,0.177,-8.249,1,0.0505,91.5,4,https://api.spotify.com/v1/tracks/3VlbOrM6nYPprVvzBZllE5,audio_features,spotify:track:3VlbOrM6nYPprVvzBZllE5,0.523,500,99,78,11/3/17,2017,3VlbOrM6nYPprVvzBZllE5,Too Good at Goodbyes,Too Good At Goodbyes,0.275
Post Malone,8814552,96,218146,0.11699999999999999,https://api.spotify.com/v1/audio-analysis/0e7ipj03S05BNilyu5bRzt,0.5870000000000001,218147,0.535,0e7ipj03S05BNilyu5bRzt,6.56e-05,5,0.131,-6.09,0,0.0898,159.847,4,https://api.spotify.com/v1/tracks/0e7ipj03S05BNilyu5bRzt,audio_features,spotify:track:0e7ipj03S05BNilyu5bRzt,0.14,576,232,90,4/27/18,2018,0e7ipj03S05BNilyu5bRzt,Rockstar,rockstar (feat. 21 Savage),0.715
Imagine Dragons,14251370,94,187146,0.00671,https://api.spotify.com/v1/audio-analysis/1zB4vmk8tFRmM9UULNzbLB,0.605,187147,0.8220000000000001,1zB4vmk8tFRmM9UULNzbLB,0.134,0,0.147,-4.833,1,0.0438,167.997,4,https://api.spotify.com/v1/tracks/1zB4vmk8tFRmM9UULNzbLB,audio_features,spotify:track:1zB4vmk8tFRmM9UULNzbLB,0.28800000000000003,231,87,87,6/23/17,2017,1zB4vmk8tFRmM9UULNzbLB,Thunder,Thunder,0.8
Ed Sheeran,36262200,93,263400,0.163,https://api.spotify.com/v1/audio-analysis/0tgVpDi06FyKpA1z0VMD4v,0.599,263400,0.44799999999999995,0tgVpDi06FyKpA1z0VMD4v,0.0,8,0.106,-6.312,1,0.0232,95.05,3,https://api.spotify.com/v1/tracks/0tgVpDi06FyKpA1z0VMD4v,audio_features,spotify:track:0tgVpDi06FyKpA1z0VMD4v,0.168,345,144,88,3/3/17,2017,0tgVpDi06FyKpA1z0VMD4v,Perfect,Perfect,0.48
Lil Pump,4624775,90,124055,0.239,https://api.spotify.com/v1/audio-analysis/43ZyHQITOjhciSUUNPVRHc,0.9359999999999999,124056,0.523,43ZyHQITOjhciSUUNPVRHc,0.0,5,0.11699999999999999,-6.71,1,0.0597,119.889,4,https://api.spotify.com/v1/tracks/43ZyHQITOjhciSUUNPVRHc,audio_features,spotify:track:43ZyHQITOjhciSUUNPVRHc,0.6990000000000001,510,143,79,10/6/17,2017,43ZyHQITOjhciSUUNPVRHc,Gucci Gang,Gucci Gang,0.3
Migos,7825291,87,303076,0.0338,https://api.spotify.com/v1/audio-analysis/4wFjTWCunQFKtukqrNijEt,0.8959999999999999,303077,0.515,4wFjTWCunQFKtukqrNijEt,0.0,2,0.317,-5.395,1,0.183,138.016,4,https://api.spotify.com/v1/tracks/4wFjTWCunQFKtukqrNijEt,audio_features,spotify:track:4wFjTWCunQFKtukqrNijEt,0.174,1187,477,80,1/26/18,2018,4wFjTWCunQFKtukqrNijEt,MotorSport,MotorSport,0.73
Calvin Harris,14169940,91,214846,0.037000000000000005,https://api.spotify.com/v1/audio-analysis/7ef4DlsgrMEH11cDZd32M6,0.7909999999999999,214847,0.862,7ef4DlsgrMEH11cDZd32M6,2.1899999999999997e-05,9,0.0814,-3.24,0,0.11,123.994,4,https://api.spotify.com/v1/tracks/7ef4DlsgrMEH11cDZd32M6,audio_features,spotify:track:7ef4DlsgrMEH11cDZd32M6,0.5920000000000001,355,90,89,4/6/18,2018,7ef4DlsgrMEH11cDZd32M6,ONE KISS,One Kiss (with Dua Lipa),0.655
Keala Settle,411384,0,234706,0.00583,https://api.spotify.com/v1/audio-analysis/45aBsnKRWUzhwbcqOJLwfe,0.284,234707,0.7040000000000001,45aBsnKRWUzhwbcqOJLwfe,0.00011499999999999999,2,0.0424,-7.276,1,0.18600000000000003,191.702,4,https://api.spotify.com/v1/tracks/45aBsnKRWUzhwbcqOJLwfe,audio_features,spotify:track:45aBsnKRWUzhwbcqOJLwfe,0.1,545,146,82,12/8/17,2017,45aBsnKRWUzhwbcqOJLwfe,THIS IS ME,This Is Me,0.42
George Ezra,1504696,82,201287,0.28600000000000003,https://api.spotify.com/v1/audio-analysis/4ofwffwvvnbSkrMSCKQDaC,0.672,201287,0.735,4ofwffwvvnbSkrMSCKQDaC,0.0,5,0.242,-4.7330000000000005,1,0.0457,115.741,4,https://api.spotify.com/v1/tracks/4ofwffwvvnbSkrMSCKQDaC,audio_features,spotify:track:4ofwffwvvnbSkrMSCKQDaC,0.754,385,92,89,3/23/18,2018,4ofwffwvvnbSkrMSCKQDaC,SHOTGUN,Shotgun,0.67
Dua Lipa,7666478,91,217946,0.0403,https://api.spotify.com/v1/audio-analysis/76cy1WJvNGJTj78UqeA5zr,0.836,217947,0.544,76cy1WJvNGJTj78UqeA5zr,0.0,7,0.0824,-5.975,1,0.0943,97.02799999999999,4,https://api.spotify.com/v1/tracks/76cy1WJvNGJTj78UqeA5zr,audio_features,spotify:track:76cy1WJvNGJTj78UqeA5zr,0.51,555,148,86,6/2/17,2017,76cy1WJvNGJTj78UqeA5zr,IDGAF,IDGAF,0.37
Portugal. The Man,812977,76,163253,0.0417,https://api.spotify.com/v1/audio-analysis/6QgjcU0zLnzq5OrUoSZ3OK,0.8009999999999999,163253,0.795,6QgjcU0zLnzq5OrUoSZ3OK,0.000113,1,0.0717,-5.115,0,0.0504,79.028,4,https://api.spotify.com/v1/tracks/6QgjcU0zLnzq5OrUoSZ3OK,audio_features,spotify:track:6QgjcU0zLnzq5OrUoSZ3OK,0.754,425,128,82,6/16/17,2017,6QgjcU0zLnzq5OrUoSZ3OK,FEEL IT STILL,Feel It Still,0.43
Marshmello,6694230,90,202620,0.205,https://api.spotify.com/v1/audio-analysis/08bNPGLD8AhKpnnERrAc6G,0.626,202621,0.88,08bNPGLD8AhKpnnERrAc6G,0.0,9,0.128,-2.384,0,0.0504,95.079,4,https://api.spotify.com/v1/tracks/08bNPGLD8AhKpnnERrAc6G,audio_features,spotify:track:08bNPGLD8AhKpnnERrAc6G,0.534,548,146,87,2/9/18,2018,08bNPGLD8AhKpnnERrAc6G,FRIENDS,FRIENDS,0.705
Ramz,121433,65,202826,0.185,https://api.spotify.com/v1/audio-analysis/2U5cq89GCnsR1yixKkC8d5,0.45,202827,0.465,2U5cq89GCnsR1yixKkC8d5,0.0,7,0.0782,-7.867000000000001,0,0.268,70.23100000000001,3,https://api.spotify.com/v1/tracks/2U5cq89GCnsR1yixKkC8d5,audio_features,spotify:track:2U5cq89GCnsR1yixKkC8d5,0.7879999999999999,598,120,75,12/1/17,2017,2U5cq89GCnsR1yixKkC8d5,BARKING,Barking,0.225
Eminem,22112157,95,221013,0.142,https://api.spotify.com/v1/audio-analysis/1cS0TgbR263ey9jn0MwD2s,0.748,221013,0.7490000000000001,1cS0TgbR263ey9jn0MwD2s,0.0,8,0.0713,-5.916,0,0.516,90.09,4,https://api.spotify.com/v1/tracks/1cS0TgbR263ey9jn0MwD2s,audio_features,spotify:track:1cS0TgbR263ey9jn0MwD2s,0.659,841,341,81,12/15/17,2017,1cS0TgbR263ey9jn0MwD2s,RIVER,River (feat. Ed Sheeran),0.26
JENNIE,99632,72,169566,0.128,https://api.spotify.com/v1/audio-analysis/2wVDWtLKXunswWecARNILj,0.6809999999999999,168461,0.6659999999999999,2wVDWtLKXunswWecARNILj,0.0,3,0.127,-5.263999999999999,0,0.162,95.02799999999999,4,https://api.spotify.com/v1/tracks/2wVDWtLKXunswWecARNILj,audio_features,spotify:track:2wVDWtLKXunswWecARNILj,0.413,270,134,80,11/12/18,2018,2wVDWtLKXunswWecARNILj,SOLO,SOLO,0.6
Hugh Jackman,411384,0,302146,0.000239,https://api.spotify.com/v1/audio-analysis/4ylWMuGbMXNDgDd8lErEle,0.41700000000000004,302147,0.8240000000000001,4ylWMuGbMXNDgDd8lErEle,0.0545,11,0.0725,-7.36,0,0.105,157.92,4,https://api.spotify.com/v1/tracks/4ylWMuGbMXNDgDd8lErEle,audio_features,spotify:track:4ylWMuGbMXNDgDd8lErEle,0.4,726,174,80,12/8/17,2017,4ylWMuGbMXNDgDd8lErEle,THE GREATEST SHOW,The Greatest Show,0.135
Ed Sheeran,36262219,93,233712,0.581,https://api.spotify.com/v1/audio-analysis/7qiZfU4dY1lWllzX7mPBI3,0.825,233713,0.652,7qiZfU4dY1lWllzX7mPBI3,0.0,1,0.0931,-3.1830000000000003,0,0.0802,95.977,4,https://api.spotify.com/v1/tracks/7qiZfU4dY1lWllzX7mPBI3,audio_features,spotify:track:7qiZfU4dY1lWllzX7mPBI3,0.9309999999999999,737,159,86,3/3/17,2017,7qiZfU4dY1lWllzX7mPBI3,SHAPE OF YOU,Shape of You,0.605
Zac Efron,411384,0,217440,0.0716,https://api.spotify.com/v1/audio-analysis/65fpYBrI8o2cfrwf2US4gq,0.684,217440,0.619,65fpYBrI8o2cfrwf2US4gq,0.0,10,0.122,-7.005,1,0.0386,125.046,4,https://api.spotify.com/v1/tracks/65fpYBrI8o2cfrwf2US4gq,audio_features,spotify:track:65fpYBrI8o2cfrwf2US4gq,0.284,439,148,81,12/8/17,2017,65fpYBrI8o2cfrwf2US4gq,REWRITE THE STARS,Rewrite The Stars,0.185
B Young,78392,65,173153,0.27899999999999997,https://api.spotify.com/v1/audio-analysis/4PzsYXrHh4r2BxtpNjtvoF,0.7909999999999999,173154,0.473,4PzsYXrHh4r2BxtpNjtvoF,0.0,10,0.0959,-9.86,0,0.25,95.948,4,https://api.spotify.com/v1/tracks/4PzsYXrHh4r2BxtpNjtvoF,audio_features,spotify:track:4PzsYXrHh4r2BxtpNjtvoF,0.603,398,136,69,1/5/18,2018,4PzsYXrHh4r2BxtpNjtvoF,JUMANJI,Jumanji,0.65
Jason Derulo,6209902,85,187521,0.0233,https://api.spotify.com/v1/audio-analysis/2z4pcBLQXF2BXKFvd0BuB6,0.845,187521,0.7090000000000001,2z4pcBLQXF2BXKFvd0BuB6,0.0,10,0.094,-4.547,0,0.0714,98.06200000000001,4,https://api.spotify.com/v1/tracks/2z4pcBLQXF2BXKFvd0BuB6,audio_features,spotify:track:2z4pcBLQXF2BXKFvd0BuB6,0.62,404,284,76,11/10/17,2017,2z4pcBLQXF2BXKFvd0BuB6,TIP TOE,Tip Toe (feat. French Montana),0.17
Jess Glynne,1148974,84,193923,0.0228,https://api.spotify.com/v1/audio-analysis/083Qf6hn6sFL6xiOHlZUyn,0.623,193924,0.851,083Qf6hn6sFL6xiOHlZUyn,0.0,7,0.12,-3.111,1,0.0409,100.06299999999999,4,https://api.spotify.com/v1/tracks/083Qf6hn6sFL6xiOHlZUyn,audio_features,spotify:track:083Qf6hn6sFL6xiOHlZUyn,0.4,547,103,81,5/3/18,2018,083Qf6hn6sFL6xiOHlZUyn,I'LL BE THERE,I'll Be There,0.595
Banx & Ranx,6338,64,190920,0.0387,https://api.spotify.com/v1/audio-analysis/1HagMz5nWk1HmevNCBOxF3,0.6709999999999999,190921,0.8340000000000001,1HagMz5nWk1HmevNCBOxF3,0.0,1,0.45399999999999996,-3.928,0,0.0885,113.021,4,https://api.spotify.com/v1/tracks/1HagMz5nWk1HmevNCBOxF3,audio_features,spotify:track:1HagMz5nWk1HmevNCBOxF3,0.45399999999999996,556,336,74,3/15/18,2018,1HagMz5nWk1HmevNCBOxF3,ANSWERPHONE,Answerphone (feat. Yxng Bane),0.605
Blackbear,1678465,81,211127,0.31,https://api.spotify.com/v1/audio-analysis/1nMYtxDrONcoGnKRvxTwPv,0.716,211128,0.812,1nMYtxDrONcoGnKRvxTwPv,0.0,7,0.551,-5.233,1,0.344,133.047,4,https://api.spotify.com/v1/tracks/1nMYtxDrONcoGnKRvxTwPv,audio_features,spotify:track:1nMYtxDrONcoGnKRvxTwPv,0.385,584,149,72,4/21/17,2017,1nMYtxDrONcoGnKRvxTwPv,I MISS YOU,i miss the old u,0.095
Tom Walker,232141,75,185863,0.0153,https://api.spotify.com/v1/audio-analysis/6lOWoTqVnAWXchddtTH31W,0.586,185863,0.624,6lOWoTqVnAWXchddtTH31W,1.78e-06,5,0.133,-5.946000000000001,1,0.113,68.976,4,https://api.spotify.com/v1/tracks/6lOWoTqVnAWXchddtTH31W,audio_features,spotify:track:6lOWoTqVnAWXchddtTH31W,0.267,398,129,81,10/13/17,2017,6lOWoTqVnAWXchddtTH31W,LEAVE A LIGHT ON,Leave a Light On,0.335
Rita Ora,3058201,86,215064,0.0364,https://api.spotify.com/v1/audio-analysis/7EI6Iki24tBHAMxtb4xQN2,0.628,215064,0.797,7EI6Iki24tBHAMxtb4xQN2,0.0,11,0.10400000000000001,-3.9530000000000003,0,0.0596,106.93,4,https://api.spotify.com/v1/tracks/7EI6Iki24tBHAMxtb4xQN2,audio_features,spotify:track:7EI6Iki24tBHAMxtb4xQN2,0.321,536,123,80,10/20/17,2017,7EI6Iki24tBHAMxtb4xQN2,ANYWHERE,Anywhere,0.175
XXXTENTACION,8289443,98,166605,0.258,https://api.spotify.com/v1/audio-analysis/3ee8Jmje8o58CHK66QrVC2,0.74,166606,0.613,3ee8Jmje8o58CHK66QrVC2,0.00372,8,0.12300000000000001,-4.88,1,0.145,75.023,4,https://api.spotify.com/v1/tracks/3ee8Jmje8o58CHK66QrVC2,audio_features,spotify:track:3ee8Jmje8o58CHK66QrVC2,0.473,375,67,93,3/16/18,2018,3ee8Jmje8o58CHK66QrVC2,SAD,SAD!,0.655
M.O,125277,64,214253,0.18100000000000002,https://api.spotify.com/v1/audio-analysis/70eehEqNug7oAhozjhG21t,0.809,214253,0.703,70eehEqNug7oAhozjhG21t,0.0,10,0.0913,-4.4110000000000005,1,0.0417,109.994,4,https://api.spotify.com/v1/tracks/70eehEqNug7oAhozjhG21t,audio_features,spotify:track:70eehEqNug7oAhozjhG21t,0.773,760,168,70,1/25/18,2018,70eehEqNug7oAhozjhG21t,BAD VIBE,Bad Vibe,0.55
Jonas Blue,1410186,85,194407,0.32299999999999995,https://api.spotify.com/v1/audio-analysis/3u1S1OmAUhx5DRlLrXqyp3,0.69,194408,0.784,3u1S1OmAUhx5DRlLrXqyp3,0.0,1,0.203,-4.6530000000000005,1,0.032,106.066,4,https://api.spotify.com/v1/tracks/3u1S1OmAUhx5DRlLrXqyp3,audio_features,spotify:track:3u1S1OmAUhx5DRlLrXqyp3,0.669,456,98,89,5/25/18,2018,3u1S1OmAUhx5DRlLrXqyp3,RISE,Rise,0.685
benny blanco,28728,83,173799,0.555,https://api.spotify.com/v1/audio-analysis/0d2iYfpKoM0QCKvcLCkBao,0.56,173800,0.68,0d2iYfpKoM0QCKvcLCkBao,0.0,6,0.11599999999999999,-7.648,0,0.321,89.391,4,https://api.spotify.com/v1/tracks/0d2iYfpKoM0QCKvcLCkBao,audio_features,spotify:track:0d2iYfpKoM0QCKvcLCkBao,0.319,589,382,94,7/12/18,2018,0d2iYfpKoM0QCKvcLCkBao,EASTSIDE,Eastside (with Halsey & Khalid),0.72
B Young,78392,65,211852,0.40399999999999997,https://api.spotify.com/v1/audio-analysis/5f14ylFBAuwqVHXvafqtmd,0.629,211853,0.601,5f14ylFBAuwqVHXvafqtmd,0.0,10,0.0582,-7.507999999999999,0,0.309,199.921,4,https://api.spotify.com/v1/tracks/5f14ylFBAuwqVHXvafqtmd,audio_features,spotify:track:5f14ylFBAuwqVHXvafqtmd,0.612,609,139,71,6/21/18,2018,5f14ylFBAuwqVHXvafqtmd,079ME,079ME,0.625
Queen Naija,526939,68,212174,0.295,https://api.spotify.com/v1/audio-analysis/4A58lXGBRCg2cumRXTRxHO,0.737,212175,0.542,4A58lXGBRCg2cumRXTRxHO,0.0,8,0.10300000000000001,-7.593,1,0.0732,119.973,4,https://api.spotify.com/v1/tracks/4A58lXGBRCg2cumRXTRxHO,audio_features,spotify:track:4A58lXGBRCg2cumRXTRxHO,0.385,468,139,67,7/27/18,2018,4A58lXGBRCg2cumRXTRxHO,BUTTERFLIES,Butterflies,0.615
Calvin Harris,14169954,91,213309,0.0119,https://api.spotify.com/v1/audio-analysis/5N5k9nd479b1xpDZ4usjrg,0.7809999999999999,213309,0.768,5N5k9nd479b1xpDZ4usjrg,4.91e-06,11,0.325,-5.9910000000000005,1,0.0394,123.07,4,https://api.spotify.com/v1/tracks/5N5k9nd479b1xpDZ4usjrg,audio_features,spotify:track:5N5k9nd479b1xpDZ4usjrg,0.486,566,379,93,8/17/18,2018,5N5k9nd479b1xpDZ4usjrg,PROMISES,Promises (with Sam Smith),0.725
Loud Luxury,49193,80,163216,0.0476,https://api.spotify.com/v1/audio-analysis/21RzyxY3EFaxVy6K4RqaU9,0.752,163216,0.764,21RzyxY3EFaxVy6K4RqaU9,9.44e-05,1,0.0543,-4.399,1,0.038,121.958,4,https://api.spotify.com/v1/tracks/21RzyxY3EFaxVy6K4RqaU9,audio_features,spotify:track:21RzyxY3EFaxVy6K4RqaU9,0.5820000000000001,591,104,82,10/27/17,2017,21RzyxY3EFaxVy6K4RqaU9,BODY,Body,0.32
Chase Rice,484069,67,234186,0.0275,https://api.spotify.com/v1/audio-analysis/4ruSkRHMQKBPtYAYpMf0oR,0.44,234187,0.889,4ruSkRHMQKBPtYAYpMf0oR,0.0,8,0.14300000000000002,-4.723,1,0.0462,166.074,4,https://api.spotify.com/v1/tracks/4ruSkRHMQKBPtYAYpMf0oR,audio_features,spotify:track:4ruSkRHMQKBPtYAYpMf0oR,0.409,444,165,59,11/17/17,2017,4ruSkRHMQKBPtYAYpMf0oR,3 LIONS,Three Chords & The Truth,0.27
Tiësto,3835893,83,215759,0.374,https://api.spotify.com/v1/audio-analysis/4kWO6O1BUXcZmaxitpVUwp,0.747,215760,0.8340000000000001,4kWO6O1BUXcZmaxitpVUwp,0.0,3,0.0586,-2.867,0,0.045,128.005,4,https://api.spotify.com/v1/tracks/4kWO6O1BUXcZmaxitpVUwp,audio_features,spotify:track:4kWO6O1BUXcZmaxitpVUwp,0.687,603,179,88,5/18/18,2018,4kWO6O1BUXcZmaxitpVUwp,JACKIE CHAN,Jackie Chan,0.75
Luis Fonsi,4337874,84,228826,0.228,https://api.spotify.com/v1/audio-analysis/6rPO02ozF3bM7NnOV4h6s2,0.653,228827,0.816,6rPO02ozF3bM7NnOV4h6s2,0.0,2,0.0967,-4.353,1,0.16699999999999998,178.08599999999998,4,https://api.spotify.com/v1/tracks/6rPO02ozF3bM7NnOV4h6s2,audio_features,spotify:track:6rPO02ozF3bM7NnOV4h6s2,0.816,663,277,81,4/17/17,2017,6rPO02ozF3bM7NnOV4h6s2,DESPACITO (REMIX),Despacito - Remix,0.695
Pressa,24942,61,219088,0.0138,https://api.spotify.com/v1/audio-analysis/1zDwQIp3BgbH9dSmYtPBDH,0.7829999999999999,219089,0.6940000000000001,1zDwQIp3BgbH9dSmYtPBDH,0.0,10,0.11,-7.007999999999999,0,0.358,160.034,4,https://api.spotify.com/v1/tracks/1zDwQIp3BgbH9dSmYtPBDH,audio_features,spotify:track:1zDwQIp3BgbH9dSmYtPBDH,0.389,636,263,66,10/2/18,2018,1zDwQIp3BgbH9dSmYtPBDH,LONDON,420 in London,0.585
A$AP Rocky,4653571,87,205040,0.0609,https://api.spotify.com/v1/audio-analysis/7ycWLEP1GsNjVvcjawXz3z,0.85,205040,0.569,7ycWLEP1GsNjVvcjawXz3z,0.0816,5,0.1,-8.152000000000001,0,0.136,80.02,4,https://api.spotify.com/v1/tracks/7ycWLEP1GsNjVvcjawXz3z,audio_features,spotify:track:7ycWLEP1GsNjVvcjawXz3z,0.294,657,212,86,5/25/18,2018,7ycWLEP1GsNjVvcjawXz3z,PRAISE THE LORD (DA SHINE),Praise The Lord (Da Shine),0.66
Cardi B,5190637,95,177139,0.049,https://api.spotify.com/v1/audio-analysis/5DfWF0jqMgZDCiu9zJENTA,0.767,177140,0.5429999999999999,5DfWF0jqMgZDCiu9zJENTA,0.0,1,0.115,-7.881,0,0.10300000000000001,106.029,4,https://api.spotify.com/v1/tracks/5DfWF0jqMgZDCiu9zJENTA,audio_features,spotify:track:5DfWF0jqMgZDCiu9zJENTA,0.485,511,189,79,4/6/18,2018,5DfWF0jqMgZDCiu9zJENTA,RING RING,Ring (feat. Kehlani),0.67
Billie Eilish,2667686,92,200379,0.816,https://api.spotify.com/v1/audio-analysis/7hDVYcQq6MxkdJGweuCtl9,0.511,200379,0.363,7hDVYcQq6MxkdJGweuCtl9,0.0317,4,0.084,-7.65,0,0.040999999999999995,144.892,4,https://api.spotify.com/v1/tracks/7hDVYcQq6MxkdJGweuCtl9,audio_features,spotify:track:7hDVYcQq6MxkdJGweuCtl9,0.16899999999999998,189,72,84,12/22/17,2017,7hDVYcQq6MxkdJGweuCtl9,OCEAN,ocean eyes,0.43
Liam Payne,411384,0,245453,0.0167,https://api.spotify.com/v1/audio-analysis/66xn6tB8s3l8uhj02OGneE,0.541,245453,0.787,66xn6tB8s3l8uhj02OGneE,0.0,2,0.157,-4.618,0,0.0331,113.0,4,https://api.spotify.com/v1/tracks/66xn6tB8s3l8uhj02OGneE,audio_features,spotify:track:66xn6tB8s3l8uhj02OGneE,0.2,311,226,76,2/9/18,2018,66xn6tB8s3l8uhj02OGneE,FOR YOU (FIFTY SHADES FREED),For You (Fifty Shades Freed) (& Rita Ora),0.585
David Guetta,16724189,91,195000,0.0723,https://api.spotify.com/v1/audio-analysis/33IOhptvC2Qoy2UhjiHXLV,0.609,195000,0.726,33IOhptvC2Qoy2UhjiHXLV,8.45e-06,5,0.0895,-4.346,0,0.0414,93.958,4,https://api.spotify.com/v1/tracks/33IOhptvC2Qoy2UhjiHXLV,audio_features,spotify:track:33IOhptvC2Qoy2UhjiHXLV,0.36200000000000004,350,86,83,3/22/18,2018,33IOhptvC2Qoy2UhjiHXLV,FLAMES,Flames,0.61
Lil Wayne,6890981,93,249751,0.4,https://api.spotify.com/v1/audio-analysis/4E3qImtJzRqLt8ZZyLceOE,0.746,249751,0.644,4E3qImtJzRqLt8ZZyLceOE,0.0,7,0.095,-2.605,1,0.23199999999999998,146.178,4,https://api.spotify.com/v1/tracks/4E3qImtJzRqLt8ZZyLceOE,audio_features,spotify:track:4E3qImtJzRqLt8ZZyLceOE,0.542,821,229,70,9/28/18,2018,4E3qImtJzRqLt8ZZyLceOE,STRANGERS,Perfect Strangers,0.56
Years & Years,894016,76,189000,0.0615,https://api.spotify.com/v1/audio-analysis/01k24g94i1JvkFLQmVEdCd,0.647,189000,0.853,01k24g94i1JvkFLQmVEdCd,0.0,8,0.062,-4.516,1,0.0904,103.846,4,https://api.spotify.com/v1/tracks/01k24g94i1JvkFLQmVEdCd,audio_features,spotify:track:01k24g94i1JvkFLQmVEdCd,0.618,504,151,77,5/10/18,2018,01k24g94i1JvkFLQmVEdCd,IF YOU'RE OVER ME,If You're Over Me,0.57
Shawn Mendes,13167600,90,211360,0.0573,https://api.spotify.com/v1/audio-analysis/2QZ7WLBE8h2y1Y5Fb8RYbH,0.622,211360,0.7120000000000001,2QZ7WLBE8h2y1Y5Fb8RYbH,0.0,5,0.13,-7.321000000000001,1,0.066,140.025,4,https://api.spotify.com/v1/tracks/2QZ7WLBE8h2y1Y5Fb8RYbH,audio_features,spotify:track:2QZ7WLBE8h2y1Y5Fb8RYbH,0.48700000000000004,333,97,85,5/25/18,2018,2QZ7WLBE8h2y1Y5Fb8RYbH,IN MY BLOOD,In My Blood,0.67
Lil Skies,1758918,85,211200,0.19399999999999998,https://api.spotify.com/v1/audio-analysis/5Cg98kiDYtCEHmjcKD0CJD,0.773,211200,0.602,5Cg98kiDYtCEHmjcKD0CJD,0.000443,10,0.141,-6.3839999999999995,1,0.10800000000000001,74.896,4,https://api.spotify.com/v1/tracks/5Cg98kiDYtCEHmjcKD0CJD,audio_features,spotify:track:5Cg98kiDYtCEHmjcKD0CJD,0.442,595,388,75,5/31/18,2018,5Cg98kiDYtCEHmjcKD0CJD,I KNOW YOU,I Know You (feat. Yung Pinch),0.635
Taylor Swift,16343324,89,232253,0.21600000000000003,https://api.spotify.com/v1/audio-analysis/6NFyWDv5CjfwuzoCkw47Xf,0.75,232253,0.40399999999999997,6NFyWDv5CjfwuzoCkw47Xf,0.000357,9,0.0911,-10.177999999999999,0,0.0682,95.045,4,https://api.spotify.com/v1/tracks/6NFyWDv5CjfwuzoCkw47Xf,audio_features,spotify:track:6NFyWDv5CjfwuzoCkw47Xf,0.0499,630,140,82,11/10/17,2017,6NFyWDv5CjfwuzoCkw47Xf,Delicate,Delicate,0.335
Taylor Swift,16343324,89,244826,0.00845,https://api.spotify.com/v1/audio-analysis/2x0WlnmfG39ZuDmstl9xfX,0.649,244827,0.589,2x0WlnmfG39ZuDmstl9xfX,0.0,2,0.10800000000000001,-6.237,1,0.0558,159.07299999999998,4,https://api.spotify.com/v1/tracks/2x0WlnmfG39ZuDmstl9xfX,audio_features,spotify:track:2x0WlnmfG39ZuDmstl9xfX,0.151,864,253,76,11/10/17,2017,2x0WlnmfG39ZuDmstl9xfX,End Game,End Game,0.355
Taylor Swift,16343324,89,211853,0.204,https://api.spotify.com/v1/audio-analysis/1P17dC1amhFzptugyAO7Il,0.7659999999999999,211853,0.7090000000000001,1P17dC1amhFzptugyAO7Il,1.4099999999999999e-05,9,0.126,-6.471,0,0.12300000000000001,128.07,4,https://api.spotify.com/v1/tracks/1P17dC1amhFzptugyAO7Il,audio_features,spotify:track:1P17dC1amhFzptugyAO7Il,0.506,636,134,79,11/10/17,2017,1P17dC1amhFzptugyAO7Il,Look What You Made Me Do,Look What You Made Me Do,0.2
P!nk,5305399,83,269600,0.0285,https://api.spotify.com/v1/audio-analysis/0Qh38w01QRXK6KHIv0e3hb,0.489,269600,0.588,0Qh38w01QRXK6KHIv0e3hb,2.11e-06,1,0.0906,-6.1770000000000005,1,0.0507,113.617,4,https://api.spotify.com/v1/tracks/0Qh38w01QRXK6KHIv0e3hb,audio_features,spotify:track:0Qh38w01QRXK6KHIv0e3hb,0.187,357,107,78,10/13/17,2017,0Qh38w01QRXK6KHIv0e3hb,Beautiful Trauma,What About Us,0.725
Selena Gomez,12401621,91,207904,0.0945,https://api.spotify.com/v1/audio-analysis/4hQ6UGyWQIGJmHSo0J88JW,0.601,207905,0.7240000000000001,4hQ6UGyWQIGJmHSo0J88JW,1.68e-06,6,0.12,-4.856,1,0.0486,102.061,4,https://api.spotify.com/v1/tracks/4hQ6UGyWQIGJmHSo0J88JW,audio_features,spotify:track:4hQ6UGyWQIGJmHSo0J88JW,0.508,13871,5251,85,5/10/18,2018,4hQ6UGyWQIGJmHSo0J88JW,Back To You,Back To You - From 13 Reasons Why – Season 2 Soundtrack,0.69
Selena Gomez,12401622,91,197993,0.129,https://api.spotify.com/v1/audio-analysis/0tBbt8CrmxbjRP0pueQkyU,0.72,197993,0.807,0tBbt8CrmxbjRP0pueQkyU,0.0,11,0.183,-4.59,0,0.0432,124.946,4,https://api.spotify.com/v1/tracks/0tBbt8CrmxbjRP0pueQkyU,audio_features,spotify:track:0tBbt8CrmxbjRP0pueQkyU,0.305,439,94,84,10/25/17,2017,0tBbt8CrmxbjRP0pueQkyU,Wolves,Wolves,0.33
Ed Sheeran,36262262,93,259550,0.779,https://api.spotify.com/v1/audio-analysis/1bhUWB0zJMIKr9yVPrkEuI,0.5870000000000001,259550,0.299,1bhUWB0zJMIKr9yVPrkEuI,0.0,8,0.12300000000000001,-7.365,1,0.0263,94.992,3,https://api.spotify.com/v1/tracks/1bhUWB0zJMIKr9yVPrkEuI,audio_features,spotify:track:1bhUWB0zJMIKr9yVPrkEuI,0.35600000000000004,374,153,83,11/30/17,2017,1bhUWB0zJMIKr9yVPrkEuI,Perfect Duet,Perfect Duet (Ed Sheeran & Beyoncé),0.385
Kanye West,8783354,92,145506,0.12300000000000001,https://api.spotify.com/v1/audio-analysis/3U21A07gAloCc4P7J8rxcn,0.925,145507,0.31,3U21A07gAloCc4P7J8rxcn,0.0,11,0.0931,-6.531000000000001,0,0.29100000000000004,121.927,4,https://api.spotify.com/v1/tracks/3U21A07gAloCc4P7J8rxcn,audio_features,spotify:track:3U21A07gAloCc4P7J8rxcn,0.29100000000000004,498,194,73,6/1/18,2018,3U21A07gAloCc4P7J8rxcn,All Mine,All Mine,0.625
Kenny Chesney,2181750,75,199626,0.0997,https://api.spotify.com/v1/audio-analysis/2ZFrEp20VO25BXYhMxh0GW,0.602,199627,0.805,2ZFrEp20VO25BXYhMxh0GW,0.0,7,0.172,-6.079,1,0.0473,92.40100000000001,4,https://api.spotify.com/v1/tracks/2ZFrEp20VO25BXYhMxh0GW,audio_features,spotify:track:2ZFrEp20VO25BXYhMxh0GW,0.322,366,128,70,4/6/18,2018,2ZFrEp20VO25BXYhMxh0GW,Get Along,Get Along,0.605
Kane Brown,1069220,79,179506,0.263,https://api.spotify.com/v1/audio-analysis/1HXy5I3HTWq8OvxCn0z7G7,0.677,179507,0.556,1HXy5I3HTWq8OvxCn0z7G7,0.0,9,0.105,-6.544,1,0.0306,80.009,4,https://api.spotify.com/v1/tracks/1HXy5I3HTWq8OvxCn0z7G7,audio_features,spotify:track:1HXy5I3HTWq8OvxCn0z7G7,0.521,297,93,79,10/6/17,2017,1HXy5I3HTWq8OvxCn0z7G7,Heaven,Heaven,0.275
Luke Combs,703221,80,221800,0.00585,https://api.spotify.com/v1/audio-analysis/4gB7HrYHbJVJ5RFOjxmoq4,0.544,221800,0.7809999999999999,4gB7HrYHbJVJ5RFOjxmoq4,0.0,6,0.191,-6.16,0,0.0311,144.075,4,https://api.spotify.com/v1/tracks/4gB7HrYHbJVJ5RFOjxmoq4,audio_features,spotify:track:4gB7HrYHbJVJ5RFOjxmoq4,0.527,450,149,76,6/2/17,2017,4gB7HrYHbJVJ5RFOjxmoq4,One Number Away,One Number Away,0.285
Dan + Shay,619451,78,195986,0.0292,https://api.spotify.com/v1/audio-analysis/7Il2yWQmsqKgSkLQvHTPUI,0.474,195987,0.594,7Il2yWQmsqKgSkLQvHTPUI,0.0,11,0.133,-5.756,1,0.0289,86.131,4,https://api.spotify.com/v1/tracks/7Il2yWQmsqKgSkLQvHTPUI,audio_features,spotify:track:7Il2yWQmsqKgSkLQvHTPUI,0.503,329,105,77,1/10/18,2018,7Il2yWQmsqKgSkLQvHTPUI,Tequila,Tequila,0.62
Maroon 5,14375309,90,190642,0.0959,https://api.spotify.com/v1/audio-analysis/6AvfZXpbb6r35DfF7gHPRq,0.655,190643,0.603,6AvfZXpbb6r35DfF7gHPRq,0.0,8,0.107,-5.013999999999999,1,0.0555,126.088,4,https://api.spotify.com/v1/tracks/6AvfZXpbb6r35DfF7gHPRq,audio_features,spotify:track:6AvfZXpbb6r35DfF7gHPRq,0.452,473,110,72,6/15/18,2018,6AvfZXpbb6r35DfF7gHPRq,Wait,Wait,0.65
Imagine Dragons,14251420,94,201240,0.0362,https://api.spotify.com/v1/audio-analysis/6Qn5zhYkTa37e91HC1D7lb,0.672,201240,0.655,6Qn5zhYkTa37e91HC1D7lb,0.0,10,0.11699999999999999,-5.021,0,0.0311,134.945,4,https://api.spotify.com/v1/tracks/6Qn5zhYkTa37e91HC1D7lb,audio_features,spotify:track:6Qn5zhYkTa37e91HC1D7lb,0.556,516,155,84,6/23/17,2017,6Qn5zhYkTa37e91HC1D7lb,Whatever It Takes,Whatever It Takes,0.35
Kanye West,8783354,92,274186,0.867,https://api.spotify.com/v1/audio-analysis/0yhxBvedRdGxsPZHJNI4VA,0.752,274187,0.396,0yhxBvedRdGxsPZHJNI4VA,0.0,2,0.0486,-7.932,1,0.41100000000000003,116.016,4,https://api.spotify.com/v1/tracks/0yhxBvedRdGxsPZHJNI4VA,audio_features,spotify:track:0yhxBvedRdGxsPZHJNI4VA,0.41700000000000004,699,265,62,6/1/18,2018,0yhxBvedRdGxsPZHJNI4VA,I Thought About Killing You,I Thought About Killing You,0.62
Kanye West,8783356,92,123040,0.0393,https://api.spotify.com/v1/audio-analysis/35KV2Nuib6jPMVN00O8iba,0.643,123040,0.6459999999999999,35KV2Nuib6jPMVN00O8iba,0.0,10,0.109,-2.4419999999999997,0,0.0629,80.17399999999999,4,https://api.spotify.com/v1/tracks/35KV2Nuib6jPMVN00O8iba,audio_features,spotify:track:35KV2Nuib6jPMVN00O8iba,0.35,347,135,61,6/1/18,2018,35KV2Nuib6jPMVN00O8iba,No Mistakes,No Mistakes,0.665
Offset,5153672,89,172800,0.149,https://api.spotify.com/v1/audio-analysis/7sO5G9EABYOXQKNPNiE9NR,0.88,172800,0.428,7sO5G9EABYOXQKNPNiE9NR,5.07e-05,9,0.114,-8.28,1,0.20600000000000002,100.007,4,https://api.spotify.com/v1/tracks/7sO5G9EABYOXQKNPNiE9NR,audio_features,spotify:track:7sO5G9EABYOXQKNPNiE9NR,0.33299999999999996,726,241,85,10/30/17,2017,7sO5G9EABYOXQKNPNiE9NR,Ric Flair Drip,Ric Flair Drip (& Metro Boomin),0.31
Post Malone,8814633,96,227533,0.627,https://api.spotify.com/v1/audio-analysis/32lItqlMi4LBhb4k0BaSaC,0.67,227533,0.654,32lItqlMi4LBhb4k0BaSaC,1.02e-06,4,0.071,-5.944,1,0.153,180.024,4,https://api.spotify.com/v1/tracks/32lItqlMi4LBhb4k0BaSaC,audio_features,spotify:track:32lItqlMi4LBhb4k0BaSaC,0.43799999999999994,756,199,83,4/27/18,2018,32lItqlMi4LBhb4k0BaSaC,Candy Paint,Candy Paint,0.635
J. Cole,6778722,88,315771,0.19,https://api.spotify.com/v1/audio-analysis/5sWbwccBcyHsg5LEKWGZo9,0.675,315771,0.5670000000000001,5sWbwccBcyHsg5LEKWGZo9,1.77e-06,10,0.175,-9.147,0,0.263,84.039,4,https://api.spotify.com/v1/tracks/5sWbwccBcyHsg5LEKWGZo9,audio_features,spotify:track:5sWbwccBcyHsg5LEKWGZo9,0.6579999999999999,960,382,67,4/20/18,2018,5sWbwccBcyHsg5LEKWGZo9,Brackets,BRACKETS,0.605
J. Cole,6778722,88,197821,0.626,https://api.spotify.com/v1/audio-analysis/0Px86mRlxdB3YqpK6KXWlr,0.5479999999999999,197822,0.47200000000000003,0Px86mRlxdB3YqpK6KXWlr,0.0,8,0.11900000000000001,-8.343,1,0.47700000000000004,82.36,4,https://api.spotify.com/v1/tracks/0Px86mRlxdB3YqpK6KXWlr,audio_features,spotify:track:0Px86mRlxdB3YqpK6KXWlr,0.138,584,290,65,4/20/18,2018,0Px86mRlxdB3YqpK6KXWlr,Once An Addict (Interlude),Once an Addict - Interlude,0.655
J. Cole,6778723,88,286729,0.0607,https://api.spotify.com/v1/audio-analysis/5Lgqu1th1KqlG97OF2gWGe,0.72,286730,0.626,5Lgqu1th1KqlG97OF2gWGe,0.0,8,0.0728,-9.351,1,0.397,75.032,4,https://api.spotify.com/v1/tracks/5Lgqu1th1KqlG97OF2gWGe,audio_features,spotify:track:5Lgqu1th1KqlG97OF2gWGe,0.182,907,332,67,4/20/18,2018,5Lgqu1th1KqlG97OF2gWGe,Window Pain (Outro),Window Pain - Outro,0.68
Charlie Puth,5792181,84,200853,0.21100000000000002,https://api.spotify.com/v1/audio-analysis/6wmAHw1szh5RCKSRjiXhPe,0.845,200853,0.561,6wmAHw1szh5RCKSRjiXhPe,3.49e-06,1,0.0383,-5.252999999999999,0,0.0778,109.97399999999999,4,https://api.spotify.com/v1/tracks/6wmAHw1szh5RCKSRjiXhPe,audio_features,spotify:track:6wmAHw1szh5RCKSRjiXhPe,0.8109999999999999,463,122,79,5/11/18,2018,6wmAHw1szh5RCKSRjiXhPe,How Long,How Long,0.63
Khalid,3957928,96,202546,0.19899999999999998,https://api.spotify.com/v1/audio-analysis/5Z3GHaZ6ec9bsiI5BenrbY,0.7979999999999999,202547,0.539,5Z3GHaZ6ec9bsiI5BenrbY,1.66e-05,1,0.165,-6.351,1,0.0421,136.94899999999998,4,https://api.spotify.com/v1/tracks/5Z3GHaZ6ec9bsiI5BenrbY,audio_features,spotify:track:5Z3GHaZ6ec9bsiI5BenrbY,0.39399999999999996,315,85,85,4/27/17,2017,5Z3GHaZ6ec9bsiI5BenrbY,Young Dumb & Broke,Young Dumb & Broke,0.335
Demi Lovato,11708859,87,203760,0.0223,https://api.spotify.com/v1/audio-analysis/3Du2K5dLzmduCNp6uwuaL0,0.7020000000000001,203760,0.635,3Du2K5dLzmduCNp6uwuaL0,0.0,11,0.28300000000000003,-6.917000000000001,0,0.265,144.004,4,https://api.spotify.com/v1/tracks/3Du2K5dLzmduCNp6uwuaL0,audio_features,spotify:track:3Du2K5dLzmduCNp6uwuaL0,0.873,639,137,81,9/29/17,2017,3Du2K5dLzmduCNp6uwuaL0,Sorry Not Sorry,Sorry Not Sorry,0.035
Imagine Dragons,14251425,94,204346,0.0622,https://api.spotify.com/v1/audio-analysis/0pqnGHJpmpxLKifKRmU6WP,0.7759999999999999,204347,0.78,0pqnGHJpmpxLKifKRmU6WP,0.0,10,0.081,-4.374,0,0.128,124.949,4,https://api.spotify.com/v1/tracks/0pqnGHJpmpxLKifKRmU6WP,audio_features,spotify:track:0pqnGHJpmpxLKifKRmU6WP,0.6659999999999999,500,153,88,6/23/17,2017,0pqnGHJpmpxLKifKRmU6WP,Believer,Believer,0.355
Charlie Puth,5792181,84,208786,0.109,https://api.spotify.com/v1/audio-analysis/5cF0dROlMOK5uNZtivgu50,0.775,208787,0.613,5cF0dROlMOK5uNZtivgu50,2.33e-05,3,0.134,-4.586,0,0.0542,100.066,4,https://api.spotify.com/v1/tracks/5cF0dROlMOK5uNZtivgu50,audio_features,spotify:track:5cF0dROlMOK5uNZtivgu50,0.797,649,125,82,5/11/18,2018,5cF0dROlMOK5uNZtivgu50,Attention,Attention,0.57
21 Savage,5153675,89,220306,0.0151,https://api.spotify.com/v1/audio-analysis/2fQrGHiQOvpL9UgPvtYy6G,0.884,220307,0.34600000000000003,2fQrGHiQOvpL9UgPvtYy6G,7.04e-06,8,0.0871,-8.228,0,0.35100000000000003,75.016,4,https://api.spotify.com/v1/tracks/2fQrGHiQOvpL9UgPvtYy6G,audio_features,spotify:track:2fQrGHiQOvpL9UgPvtYy6G,0.376,856,235,82,9/23/17,2017,2fQrGHiQOvpL9UgPvtYy6G,Bank Account,Bank Account,0.255
P!nk,5305408,83,269600,0.0285,https://api.spotify.com/v1/audio-analysis/0Qh38w01QRXK6KHIv0e3hb,0.489,269600,0.588,0Qh38w01QRXK6KHIv0e3hb,2.11e-06,1,0.0906,-6.1770000000000005,1,0.0507,113.617,4,https://api.spotify.com/v1/tracks/0Qh38w01QRXK6KHIv0e3hb,audio_features,spotify:track:0Qh38w01QRXK6KHIv0e3hb,0.187,357,107,78,10/13/17,2017,0Qh38w01QRXK6KHIv0e3hb,What About Us,What About Us,0.725
