album_url,artist,artist_followers,artist_image_url_l,artist_image_url_s,artist_popularity,duration_ms,features.acousticness,features.analysis_url,features.danceability,features.duration_ms,features.energy,features.id,features.instrumentalness,features.key,features.liveness,features.loudness,features.mode,features.speechiness,features.tempo,features.time_signature,features.track_href,features.type,features.uri,features.valence,lyric_total_word_count,lyric_unique_word_count,popularity,release_date,release_year,song_id,song_name,track
https://i.scdn.co/image/8ebf0216fa9d294177e79cfef03628ed68043454,Camila Cabello,7398818,https://i.scdn.co/image/aa9f03ea0bd3bda2683a6598361942561f7fd3aa,https://i.scdn.co/image/7dce1aa42eed23fe5bba6085babc98ac760b3947,88,217306,0.184,https://api.spotify.com/v1/audio-analysis/1rfofaqEpACxVEHIZBJe6W,0.765,217307,0.523,1rfofaqEpACxVEHIZBJe6W,3.56E-05,2,0.132,-4.333,1,0.03,104.988,4,https://api.spotify.com/v1/tracks/1rfofaqEpACxVEHIZBJe6W,audio_features,spotify:track:1rfofaqEpACxVEHIZBJe6W,0.394,626,180,87,1/12/18,2018,1rfofaqEpACxVEHIZBJe6W,Havana,Havana
https://i.scdn.co/image/5a0c73915586db4a6acf0a92eb7c503877f1c9a4,Panic! At The Disco,5418730,https://i.scdn.co/image/5b0544b8a3898be8693915ef7bffb216f781d23d,https://i.scdn.co/image/e71f9ba6573c95041ecd71f766788668f1ceb998,88,190946,0.193,https://api.spotify.com/v1/audio-analysis/1rqqCSm0Qe4I9rUvWncaom,0.579,190947,0.904,1rqqCSm0Qe4I9rUvWncaom,0,5,0.064,-2.729,1,0.0618,82.014,4,https://api.spotify.com/v1/tracks/1rqqCSm0Qe4I9rUvWncaom,audio_features,spotify:track:1rqqCSm0Qe4I9rUvWncaom,0.681,544,124,90,6/22/18,2018,1rqqCSm0Qe4I9rUvWncaom,High Hopes,High Hopes
https://i.scdn.co/image/37bbb4711235a0128db66a66074321d3c2ef2ff7,Ariana Grande,20841651,https://i.scdn.co/image/a1063f43437d1d724a3d7d8fe51410472d88cb27,https://i.scdn.co/image/6c60edb78bf9b1c0eeb219c9fdbbc9453eceb2c6,97,207333,0.28,https://api.spotify.com/v1/audio-analysis/2rPE9A1vEgShuZxxzR2tZH,0.724,207333,0.647,2rPE9A1vEgShuZxxzR2tZH,0,1,0.102,-5.642,1,0.0658,106.96,4,https://api.spotify.com/v1/tracks/2rPE9A1vEgShuZxxzR2tZH,audio_features,spotify:track:2rPE9A1vEgShuZxxzR2tZH,0.435,586,175,100,11/3/18,2018,2rPE9A1vEgShuZxxzR2tZH,"Thank U, Next","thank u, next"
https://i.scdn.co/image/dd916d01780a9591c8a02944fa06aaf30ca3e374,Halsey,4393495,https://i.scdn.co/image/f0d471f9ae4bbb4d9e970bbfcf43f82d7e5df1c5,https://i.scdn.co/image/0775d3134d1d2469591dfec37ff674ab1cdba8af,91,201660,0.297,https://api.spotify.com/v1/audio-analysis/5p7ujcrUXASCNwRaWNHR1C,0.752,201661,0.488,5p7ujcrUXASCNwRaWNHR1C,9.11E-06,6,0.0936,-7.05,1,0.0705,136.041,4,https://api.spotify.com/v1/tracks/5p7ujcrUXASCNwRaWNHR1C,audio_features,spotify:track:5p7ujcrUXASCNwRaWNHR1C,0.533,510,142,96,10/4/18,2018,5p7ujcrUXASCNwRaWNHR1C,Without Me,Without Me
https://i.scdn.co/image/0e3e187e3ae399c7aa68c6c8585ec5649b481452,Sheck Wes,190935,https://i.scdn.co/image/46d53d0c034b4ba25764b45824e185050721bb73,https://i.scdn.co/image/12019a4e186428cc30ab7fc2c447b704ec3f8618,83,183906,0.194,https://api.spotify.com/v1/audio-analysis/1xzBco0xcoJEDXktl7Jxrr,0.729,183907,0.625,1xzBco0xcoJEDXktl7Jxrr,0.00986,4,0.248,-5.266,1,0.0315,146.034,4,https://api.spotify.com/v1/tracks/1xzBco0xcoJEDXktl7Jxrr,audio_features,spotify:track:1xzBco0xcoJEDXktl7Jxrr,0.261,417,166,93,10/5/18,2018,1xzBco0xcoJEDXktl7Jxrr,Mo Bamba,Mo Bamba
https://i.scdn.co/image/7f8b5350c0f6b6fd754fb50d049a813067437566,Kodak Black,3899719,https://i.scdn.co/image/5a428596636f28fb55b5bb0006a7ce385d5be69b,https://i.scdn.co/image/ef90a19321978c4431246870132c3a6540412806,91,228653,0.071,https://api.spotify.com/v1/audio-analysis/7l3E7lcozEodtVsSTCkcaA,0.826,225199,0.615,7l3E7lcozEodtVsSTCkcaA,0,8,0.0965,-7.979,0,0.219,98.056,4,https://api.spotify.com/v1/tracks/7l3E7lcozEodtVsSTCkcaA,audio_features,spotify:track:7l3E7lcozEodtVsSTCkcaA,0.543,613,412,95,10/12/18,2018,7l3E7lcozEodtVsSTCkcaA,Zeze,ZEZE (feat. Travis Scott & Offset)
https://i.scdn.co/image/80c0f2b0ad6669f3abd91c6b8e61f61980906b45,Bad Bunny,9530820,https://i.scdn.co/image/96532e96a03953bee4fb79cb1ed7827a9574d23b,https://i.scdn.co/image/b0c68f05a4df3f9c362238ecf5da9b0ea088f1ce,95,210367,0.0141,https://api.spotify.com/v1/audio-analysis/116H0KvKr2Zl4RPuVBruDO,0.817,210368,0.539,116H0KvKr2Zl4RPuVBruDO,0.000496,6,0.099,-6.349,0,0.0621,97.062,4,https://api.spotify.com/v1/tracks/116H0KvKr2Zl4RPuVBruDO,audio_features,spotify:track:116H0KvKr2Zl4RPuVBruDO,0.158,613,412,97,10/11/18,2018,116H0KvKr2Zl4RPuVBruDO,Mia,MIA (feat. Drake)
https://i.scdn.co/image/abd55a98fc8e9c45bacac10a632c98b48744dc68,Lil Baby,1029173,https://i.scdn.co/image/5190f528f0c4a9ce38159485a664d070b2ecf1ca,https://i.scdn.co/image/2b08bf52411ab9a644e18cc957ff851eba847a28,91,145603,0.0945,https://api.spotify.com/v1/audio-analysis/1BxkZE73h9BN3qwuA15TA3,0.9,145603,0.653,1BxkZE73h9BN3qwuA15TA3,0,1,0.528,-6.962,0,0.289,112.503,4,https://api.spotify.com/v1/tracks/1BxkZE73h9BN3qwuA15TA3,audio_features,spotify:track:1BxkZE73h9BN3qwuA15TA3,0.399,657,192,90,9/12/18,2018,1BxkZE73h9BN3qwuA15TA3,Drip Too Hard,Drip Too Hard
https://i.scdn.co/image/c58764827434c5471f944b0700ab98fd3d0bd5a7,Lady Gaga,6060866,https://i.scdn.co/image/4fb4cec0ed27f5e933f3ca8e8e2410b0b3b52623,https://i.scdn.co/image/ab1f49b3c51613a517e01eae5173fde2b3fdabaa,92,215733,0.371,https://api.spotify.com/v1/audio-analysis/2VxeLyX666F8uXCJ0dZF8B,0.572,215733,0.385,2VxeLyX666F8uXCJ0dZF8B,0,7,0.231,-6.362,1,0.0308,95.799,4,https://api.spotify.com/v1/tracks/2VxeLyX666F8uXCJ0dZF8B,audio_features,spotify:track:2VxeLyX666F8uXCJ0dZF8B,0.323,274,102,92,10/5/18,2018,2VxeLyX666F8uXCJ0dZF8B,Shallow,Shallow
https://i.scdn.co/image/13e7cea6399eaaf6cc7ead76e9582f8a9e37dbff,Marshmello,6763952,https://i.scdn.co/image/d390ea8d34e3066c927eca1a67a9e6ccb6e943a1,https://i.scdn.co/image/719dab7f27ba0793b4ca7c5672ecf56d3d88467b,90,214289,0.191,https://api.spotify.com/v1/audio-analysis/2dpaYNEQHiRxtZbfNsse99,0.687,214290,0.792,2dpaYNEQHiRxtZbfNsse99,0,5,0.167,-2.749,1,0.0452,100.015,4,https://api.spotify.com/v1/tracks/2dpaYNEQHiRxtZbfNsse99,audio_features,spotify:track:2dpaYNEQHiRxtZbfNsse99,0.671,486,133,97,8/17/18,2018,2dpaYNEQHiRxtZbfNsse99,Happier,Happier
https://i.scdn.co/image/15f95fb58aab0ef346f5241283f8ae955ff1226e,Lil Wayne,6908108,https://i.scdn.co/image/3c7abd562ec4d3e75cb99186404baa2035a5040b,https://i.scdn.co/image/5571c43301ca9d2bf86c768d3946ea946f6d270d,92,324189,0.371,https://api.spotify.com/v1/audio-analysis/0dbTQYW3Ad1FTzIA9t90E8,0.855,324189,0.694,0dbTQYW3Ad1FTzIA9t90E8,0,2,0.109,-4.393,1,0.169,122.078,4,https://api.spotify.com/v1/tracks/0dbTQYW3Ad1FTzIA9t90E8,audio_features,spotify:track:0dbTQYW3Ad1FTzIA9t90E8,0.49,1909,1005,85,9/28/18,2018,0dbTQYW3Ad1FTzIA9t90E8,Mona Lisa,Mona Lisa (feat. Kendrick Lamar)
https://i.scdn.co/image/15f95fb58aab0ef346f5241283f8ae955ff1226e,Lil Wayne,6908108,https://i.scdn.co/image/3c7abd562ec4d3e75cb99186404baa2035a5040b,https://i.scdn.co/image/5571c43301ca9d2bf86c768d3946ea946f6d270d,92,249450,0.409,https://api.spotify.com/v1/audio-analysis/5BQrp63SHCVf4bzCzJePne,0.585,249450,0.709,5BQrp63SHCVf4bzCzJePne,0,8,0.183,-6.072,1,0.319,111.913,4,https://api.spotify.com/v1/tracks/5BQrp63SHCVf4bzCzJePne,audio_features,spotify:track:5BQrp63SHCVf4bzCzJePne,0.21,570,377,81,9/28/18,2018,5BQrp63SHCVf4bzCzJePne,Don't Cry,Don't Cry (feat. XXXTENTACION)
https://i.scdn.co/image/15f95fb58aab0ef346f5241283f8ae955ff1226e,Lil Wayne,6908108,https://i.scdn.co/image/3c7abd562ec4d3e75cb99186404baa2035a5040b,https://i.scdn.co/image/5571c43301ca9d2bf86c768d3946ea946f6d270d,92,194184,0.0595,https://api.spotify.com/v1/audio-analysis/3wScL5W8H40zzCKN0atfBk,0.743,194184,0.87,3wScL5W8H40zzCKN0atfBk,0,1,0.299,-2.188,1,0.212,99.075,4,https://api.spotify.com/v1/tracks/3wScL5W8H40zzCKN0atfBk,audio_features,spotify:track:3wScL5W8H40zzCKN0atfBk,0.884,737,249,83,9/28/18,2018,3wScL5W8H40zzCKN0atfBk,Uproar,Uproar
https://i.scdn.co/image/15f95fb58aab0ef346f5241283f8ae955ff1226e,Lil Wayne,6908108,https://i.scdn.co/image/3c7abd562ec4d3e75cb99186404baa2035a5040b,https://i.scdn.co/image/5571c43301ca9d2bf86c768d3946ea946f6d270d,92,186872,0.0414,https://api.spotify.com/v1/audio-analysis/0CBQ0m3mufWH75LTYB3s6h,0.902,186872,0.819,0CBQ0m3mufWH75LTYB3s6h,0,1,0.106,-3.321,1,0.317,89,4,https://api.spotify.com/v1/tracks/0CBQ0m3mufWH75LTYB3s6h,audio_features,spotify:track:0CBQ0m3mufWH75LTYB3s6h,0.746,732,311,80,9/28/18,2018,0CBQ0m3mufWH75LTYB3s6h,Let It Fly,Let It Fly (feat. Travis Scott)
https://i.scdn.co/image/b16cc7dec74c13fe70dd6bde75aca00572598fde,Eminem,22194860,https://i.scdn.co/image/ed213a32e1327f3f2d7b2539eb1db57f55b68dbb,https://i.scdn.co/image/ae8dd3b01ada324eeb8c0b341e8f7ebda406095e,95,253579,0.0989,https://api.spotify.com/v1/audio-analysis/1jo3TwNGCXfNdB5uba3ZVv,0.892,253580,0.651,1jo3TwNGCXfNdB5uba3ZVv,0,0,0.371,-8.645,0,0.378,105.814,4,https://api.spotify.com/v1/tracks/1jo3TwNGCXfNdB5uba3ZVv,audio_features,spotify:track:1jo3TwNGCXfNdB5uba3ZVv,0.599,1191,520,85,9/19/18,2018,1jo3TwNGCXfNdB5uba3ZVv,Killshot,Killshot
https://i.scdn.co/image/6e6d631b0dcc2e9dc5ea7a0de0f0cf5bd813bbcf,5 Seconds of Summer,3801338,https://i.scdn.co/image/cb92f6456f96f4bc352718006aac054e7d35ea60,https://i.scdn.co/image/cd5ad9c5d092a390735cf7d017650c69afddb820,85,203417,0.0169,https://api.spotify.com/v1/audio-analysis/55S2PQgSMYAhgoTCcGCDfw,0.596,203418,0.854,55S2PQgSMYAhgoTCcGCDfw,0,7,0.124,-5.114,0,0.463,120.274,4,https://api.spotify.com/v1/tracks/55S2PQgSMYAhgoTCcGCDfw,audio_features,spotify:track:55S2PQgSMYAhgoTCcGCDfw,0.152,528,121,86,4/12/18,2018,55S2PQgSMYAhgoTCcGCDfw,Youngblood,Youngblood
https://i.scdn.co/image/67a6a4e49285e1983e771811fcb463b4422d0e5d,Kanye West,8798276,https://i.scdn.co/image/e36258fefdac3bef70bbfa6eca6cb5ecf9f22cea,https://i.scdn.co/image/42119cbcb4d694e7f0fe4a6d684fbc63902a916d,92,127946,0.0114,https://api.spotify.com/v1/audio-analysis/4S8d14HvHb70ImctNgVzQQ,0.901,127947,0.522,4S8d14HvHb70ImctNgVzQQ,0,2,0.259,-8.304,1,0.33,104.053,4,https://api.spotify.com/v1/tracks/4S8d14HvHb70ImctNgVzQQ,audio_features,spotify:track:4S8d14HvHb70ImctNgVzQQ,0.329,533,180,92,9/7/18,2018,4S8d14HvHb70ImctNgVzQQ,I Love It,I Love It (& Lil Pump)
https://i.scdn.co/image/c932b53e6f13a45f32bc357303c56eb52ecc28fb,Eminem,22194863,https://i.scdn.co/image/ed213a32e1327f3f2d7b2539eb1db57f55b68dbb,https://i.scdn.co/image/ae8dd3b01ada324eeb8c0b341e8f7ebda406095e,95,244679,0.0627,https://api.spotify.com/v1/audio-analysis/60SdxE8apGAxMiRrpbmLY0,0.876,244679,0.786,60SdxE8apGAxMiRrpbmLY0,0,10,0.127,-4.884,0,0.306,153.068,4,https://api.spotify.com/v1/tracks/60SdxE8apGAxMiRrpbmLY0,audio_features,spotify:track:60SdxE8apGAxMiRrpbmLY0,0.575,1251,582,89,8/31/18,2018,60SdxE8apGAxMiRrpbmLY0,Lucky You,Lucky You (feat. Joyner Lucas)
https://i.scdn.co/image/c932b53e6f13a45f32bc357303c56eb52ecc28fb,Eminem,22194863,https://i.scdn.co/image/ed213a32e1327f3f2d7b2539eb1db57f55b68dbb,https://i.scdn.co/image/ae8dd3b01ada324eeb8c0b341e8f7ebda406095e,95,337941,0.0311,https://api.spotify.com/v1/audio-analysis/2jt2WxXMCD4zjACthkJQVE,0.939,337941,0.551,2jt2WxXMCD4zjACthkJQVE,0,1,0.192,-9.126,1,0.291,118.552,4,https://api.spotify.com/v1/tracks/2jt2WxXMCD4zjACthkJQVE,audio_features,spotify:track:2jt2WxXMCD4zjACthkJQVE,0.42,1663,651,84,8/31/18,2018,2jt2WxXMCD4zjACthkJQVE,The Ringer,The Ringer
https://i.scdn.co/image/ea0c58be347de0c1ea9a2c4dadae238798baf468,Khalid,3995184,https://i.scdn.co/image/eeb1087bfc99dab83872144d023aadd69fbc5dac,https://i.scdn.co/image/c2a7583b4a35c6b0f0345ec3bd451957cfd36ad4,96,201707,0.0956,https://api.spotify.com/v1/audio-analysis/45Egmo7icyopuzJN0oMEdk,0.708,201707,0.648,45Egmo7icyopuzJN0oMEdk,0,6,0.134,-5.626,1,0.0449,143.955,4,https://api.spotify.com/v1/tracks/45Egmo7icyopuzJN0oMEdk,audio_features,spotify:track:45Egmo7icyopuzJN0oMEdk,0.338,494,143,86,2/14/18,2018,45Egmo7icyopuzJN0oMEdk,Love Lies,Love Lies (with Normani)
https://i.scdn.co/image/381891c42f301e0abaa1b1dcfbf0390334e698eb,Ariana Grande,20841682,https://i.scdn.co/image/a1063f43437d1d724a3d7d8fe51410472d88cb27,https://i.scdn.co/image/6c60edb78bf9b1c0eeb219c9fdbbc9453eceb2c6,97,197546,0.0233,https://api.spotify.com/v1/audio-analysis/5OCJzvD7sykQEKHH7qAC3C,0.602,197547,0.658,5OCJzvD7sykQEKHH7qAC3C,6.00E-05,1,0.237,-5.934,1,0.0558,145.031,4,https://api.spotify.com/v1/tracks/5OCJzvD7sykQEKHH7qAC3C,audio_features,spotify:track:5OCJzvD7sykQEKHH7qAC3C,0.268,526,127,89,8/17/18,2018,5OCJzvD7sykQEKHH7qAC3C,God Is a Woman,God is a woman
https://i.scdn.co/image/cdca7dc20c778ada42fb18506ea1f26857f01d17,Travis Scott,3798363,https://i.scdn.co/image/3bd8772031778b4ac9a20c43adf7e1cdff007e3e,https://i.scdn.co/image/19310287bfe574a9d1f0da2e9dceb953940bb8e0,96,312820,0.00513,https://api.spotify.com/v1/audio-analysis/2xLMifQCjDGFmkHkpNLD9h,0.834,312820,0.73,2xLMifQCjDGFmkHkpNLD9h,0,8,0.124,-3.714,1,0.222,155.008,4,https://api.spotify.com/v1/tracks/2xLMifQCjDGFmkHkpNLD9h,audio_features,spotify:track:2xLMifQCjDGFmkHkpNLD9h,0.446,1020,400,95,8/3/18,2018,2xLMifQCjDGFmkHkpNLD9h,Sicko Mode,SICKO MODE
https://i.scdn.co/image/cdca7dc20c778ada42fb18506ea1f26857f01d17,Travis Scott,3798363,https://i.scdn.co/image/3bd8772031778b4ac9a20c43adf7e1cdff007e3e,https://i.scdn.co/image/19310287bfe574a9d1f0da2e9dceb953940bb8e0,96,270714,0.00947,https://api.spotify.com/v1/audio-analysis/7wBJfHzpfI3032CSD7CE2m,0.487,270715,0.789,7wBJfHzpfI3032CSD7CE2m,4.05E-06,8,0.189,-3.69,1,0.044,150.007,4,https://api.spotify.com/v1/tracks/7wBJfHzpfI3032CSD7CE2m,audio_features,spotify:track:7wBJfHzpfI3032CSD7CE2m,0.0564,623,249,86,8/3/18,2018,7wBJfHzpfI3032CSD7CE2m,Stargazing,STARGAZING
https://i.scdn.co/image/dcdd963795fc7905eeeac1f1b8742b965b69c1b6,DJ Khaled,3294549,https://i.scdn.co/image/041022aad0deb38183181015eb52fc2f46c36dc5,https://i.scdn.co/image/9f8b45433eb66d70e51179437df2ff0f19aa21f1,82,260000,0.0733,https://api.spotify.com/v1/audio-analysis/5WvAo7DNuPRmk4APhdPzi8,0.552,260000,0.76,5WvAo7DNuPRmk4APhdPzi8,0,0,0.0865,-4.706,1,0.342,135.702,5,https://api.spotify.com/v1/tracks/5WvAo7DNuPRmk4APhdPzi8,audio_features,spotify:track:5WvAo7DNuPRmk4APhdPzi8,0.639,910,252,87,7/27/18,2018,5WvAo7DNuPRmk4APhdPzi8,No Brainer,No Brainer
https://i.scdn.co/image/267968e38e8ae466e458ed00a685a1e30ac0c7f9,6ix9ine,2909007,https://i.scdn.co/image/c7336a5ae56e7845df59be2d47600a9f7517ac77,https://i.scdn.co/image/f5c6caa495ce791f63a2cff618ab42f0eca42f57,91,179404,0.088,https://api.spotify.com/v1/audio-analysis/2E124GmJRnBJuXbTb4cPUB,0.931,179405,0.387,2E124GmJRnBJuXbTb4cPUB,0,1,0.136,-9.127,1,0.412,125.978,4,https://api.spotify.com/v1/tracks/2E124GmJRnBJuXbTb4cPUB,audio_features,spotify:track:2E124GmJRnBJuXbTb4cPUB,0.376,664,288,90,7/22/18,2018,2E124GmJRnBJuXbTb4cPUB,Fefe,FEFE (feat. Nicki Minaj & Murda Beatz)
https://i.scdn.co/image/e60b1360e88ffbe40aa0d93e2d755bcb3dee9868,Tyga,4152044,https://i.scdn.co/image/cc7253b14b4c98d5458f1c80322d1ce28cc0d65d,https://i.scdn.co/image/4f34d7ff0152ed7ce7d1dab889cf4bae4348e68f,87,232959,0.0236,https://api.spotify.com/v1/audio-analysis/5IaHrVsrferBYDm0bDyABy,0.884,232959,0.559,5IaHrVsrferBYDm0bDyABy,0,0,0.101,-7.442,1,0.12,97.994,4,https://api.spotify.com/v1/tracks/5IaHrVsrferBYDm0bDyABy,audio_features,spotify:track:5IaHrVsrferBYDm0bDyABy,0.342,618,400,91,5/16/18,2018,5IaHrVsrferBYDm0bDyABy,Taste,Taste (feat. Offset)
https://i.scdn.co/image/542d705154be4049fc927050d006987e63739bbd,Drake,29691620,https://i.scdn.co/image/ad10179d5f27ba77c7d6c95abd6e26f6a227e0d5,https://i.scdn.co/image/55e3fb26d67b4d71321440b3a440eecd9d8f20f7,100,238614,0.0164,https://api.spotify.com/v1/audio-analysis/0TlLq3lA83rQOYtrqBqSct,0.912,238614,0.412,0TlLq3lA83rQOYtrqBqSct,0.013,7,0.104,-8.074,1,0.124,154.983,4,https://api.spotify.com/v1/tracks/0TlLq3lA83rQOYtrqBqSct,audio_features,spotify:track:0TlLq3lA83rQOYtrqBqSct,0.422,880,291,90,6/29/18,2018,0TlLq3lA83rQOYtrqBqSct,Nonstop,Nonstop
https://i.scdn.co/image/542d705154be4049fc927050d006987e63739bbd,Drake,29691623,https://i.scdn.co/image/ad10179d5f27ba77c7d6c95abd6e26f6a227e0d5,https://i.scdn.co/image/55e3fb26d67b4d71321440b3a440eecd9d8f20f7,100,217925,0.0589,https://api.spotify.com/v1/audio-analysis/2G7V7zsVDxg1yRsu7Ew9RJ,0.835,217925,0.626,2G7V7zsVDxg1yRsu7Ew9RJ,6.00E-05,1,0.396,-5.833,1,0.125,91.03,4,https://api.spotify.com/v1/tracks/2G7V7zsVDxg1yRsu7Ew9RJ,audio_features,spotify:track:2G7V7zsVDxg1yRsu7Ew9RJ,0.35,701,213,92,6/29/18,2018,2G7V7zsVDxg1yRsu7Ew9RJ,In My Feelings,In My Feelings
https://i.scdn.co/image/542d705154be4049fc927050d006987e63739bbd,Drake,29691626,https://i.scdn.co/image/ad10179d5f27ba77c7d6c95abd6e26f6a227e0d5,https://i.scdn.co/image/55e3fb26d67b4d71321440b3a440eecd9d8f20f7,100,214466,0.279,https://api.spotify.com/v1/audio-analysis/3qN5qMTKyEEmiTZD38BNTT,0.899,214467,0.586,3qN5qMTKyEEmiTZD38BNTT,0,11,0.0836,-7.866,0,0.344,150.001,4,https://api.spotify.com/v1/tracks/3qN5qMTKyEEmiTZD38BNTT,audio_features,spotify:track:3qN5qMTKyEEmiTZD38BNTT,0.492,512,229,81,6/29/18,2018,3qN5qMTKyEEmiTZD38BNTT,I'm Upset,I'm Upset
https://i.scdn.co/image/542d705154be4049fc927050d006987e63739bbd,Drake,29691628,https://i.scdn.co/image/ad10179d5f27ba77c7d6c95abd6e26f6a227e0d5,https://i.scdn.co/image/55e3fb26d67b4d71321440b3a440eecd9d8f20f7,100,302173,0.0249,https://api.spotify.com/v1/audio-analysis/5Psnhdkyanjpgc2P8A5TSM,0.413,302173,0.677,5Psnhdkyanjpgc2P8A5TSM,0,1,0.0793,-5.12,1,0.255,172.501,4,https://api.spotify.com/v1/tracks/5Psnhdkyanjpgc2P8A5TSM,audio_features,spotify:track:5Psnhdkyanjpgc2P8A5TSM,0.0845,709,291,74,6/29/18,2018,5Psnhdkyanjpgc2P8A5TSM,Emotionless,Emotionless
https://i.scdn.co/image/542d705154be4049fc927050d006987e63739bbd,Drake,29691629,https://i.scdn.co/image/ad10179d5f27ba77c7d6c95abd6e26f6a227e0d5,https://i.scdn.co/image/55e3fb26d67b4d71321440b3a440eecd9d8f20f7,100,245786,0.493,https://api.spotify.com/v1/audio-analysis/6G8kHiVZ1jW7vHMPVRNZU0,0.826,245787,0.318,6G8kHiVZ1jW7vHMPVRNZU0,0.0131,10,0.11,-12.391,1,0.0574,103.002,4,https://api.spotify.com/v1/tracks/6G8kHiVZ1jW7vHMPVRNZU0,audio_features,spotify:track:6G8kHiVZ1jW7vHMPVRNZU0,0.138,403,117,83,6/29/18,2018,6G8kHiVZ1jW7vHMPVRNZU0,Don't Matter to Me,Don’t Matter To Me (with Michael Jackson)
https://i.scdn.co/image/bc4466a0b510a7d9e3c0818c680c6b294bcdc097,Maroon 5,14450036,https://i.scdn.co/image/34760086fe6f4e6f8121fe00aa4901ace216b268,https://i.scdn.co/image/a6b50b62941f169aea7a48039a509f643c8c69e3,90,235545,0.568,https://api.spotify.com/v1/audio-analysis/6FRLCMO5TUHTexlWo8ym1W,0.851,235545,0.541,6FRLCMO5TUHTexlWo8ym1W,0,0,0.13,-6.825,1,0.0505,124.959,4,https://api.spotify.com/v1/tracks/6FRLCMO5TUHTexlWo8ym1W,audio_features,spotify:track:6FRLCMO5TUHTexlWo8ym1W,0.448,595,388,90,5/30/18,2018,6FRLCMO5TUHTexlWo8ym1W,Girls Like You,Girls Like You (feat. Cardi B)
https://i.scdn.co/image/05cf2f8b56e595bcbf50fccb894f5fb6c2427750,Kanye West,8798275,https://i.scdn.co/image/e36258fefdac3bef70bbfa6eca6cb5ecf9f22cea,https://i.scdn.co/image/42119cbcb4d694e7f0fe4a6d684fbc63902a916d,92,188773,0.15,https://api.spotify.com/v1/audio-analysis/1qsHYUd2c1wFGcn7e63QmG,0.683,188773,0.776,1qsHYUd2c1wFGcn7e63QmG,0,1,0.227,-3.251,0,0.341,173.996,4,https://api.spotify.com/v1/tracks/1qsHYUd2c1wFGcn7e63QmG,audio_features,spotify:track:1qsHYUd2c1wFGcn7e63QmG,0.223,570,235,70,6/1/18,2018,1qsHYUd2c1wFGcn7e63QmG,Yikes,Yikes
https://i.scdn.co/image/0653b51eb20f46816c1f525da6e0696a6e7262ad,Juice WRLD,2083662,https://i.scdn.co/image/3c74ff6c50c7bdaa4b1b6e7fc646cafdad1acfbc,https://i.scdn.co/image/88a2369924e0c75e204b1d5a51c299f9aa97d63a,93,239835,0.349,https://api.spotify.com/v1/audio-analysis/0s3nnoMeVWz3989MkNQiRf,0.511,239836,0.566,0s3nnoMeVWz3989MkNQiRf,0,6,0.34,-7.23,0,0.2,83.903,4,https://api.spotify.com/v1/tracks/0s3nnoMeVWz3989MkNQiRf,audio_features,spotify:track:0s3nnoMeVWz3989MkNQiRf,0.218,666,148,93,5/23/18,2018,0s3nnoMeVWz3989MkNQiRf,Lucid Dreams,Lucid Dreams
https://i.scdn.co/image/3162ed0a8562e4844ca30a4138a799ac3db03dca,Lil Baby,1029183,https://i.scdn.co/image/5190f528f0c4a9ce38159485a664d070b2ecf1ca,https://i.scdn.co/image/2b08bf52411ab9a644e18cc957ff851eba847a28,91,142273,0.035,https://api.spotify.com/v1/audio-analysis/6vN77lE9LK6HP2DewaN6HZ,0.964,142273,0.346,6vN77lE9LK6HP2DewaN6HZ,0,5,0.108,-9.309,0,0.53,119.958,4,https://api.spotify.com/v1/tracks/6vN77lE9LK6HP2DewaN6HZ,audio_features,spotify:track:6vN77lE9LK6HP2DewaN6HZ,0.562,542,219,86,5/18/18,2018,6vN77lE9LK6HP2DewaN6HZ,Yes Indeed,Yes Indeed
https://i.scdn.co/image/bda277aa41fad5507849e5d01540a920d1b41545,Childish Gambino,4100611,https://i.scdn.co/image/5f0bb754710ffd901940dcfa375ca4129b3db996,https://i.scdn.co/image/b51d5cb42b166784f4e1e1e2ef8e87e0135f0f9e,82,225773,0.117,https://api.spotify.com/v1/audio-analysis/0b9oOr2ZgvyQu88wzixux9,0.854,225773,0.463,0b9oOr2ZgvyQu88wzixux9,0,5,0.354,-6.159,1,0.137,120.024,4,https://api.spotify.com/v1/tracks/0b9oOr2ZgvyQu88wzixux9,audio_features,spotify:track:0b9oOr2ZgvyQu88wzixux9,0.549,840,207,80,5/6/18,2018,0b9oOr2ZgvyQu88wzixux9,This Is America,This Is America
https://i.scdn.co/image/8ebf0216fa9d294177e79cfef03628ed68043454,Camila Cabello,7398848,https://i.scdn.co/image/aa9f03ea0bd3bda2683a6598361942561f7fd3aa,https://i.scdn.co/image/7dce1aa42eed23fe5bba6085babc98ac760b3947,88,226973,0.181,https://api.spotify.com/v1/audio-analysis/4eWQlBRaTjPPUlzacqEeoQ,0.637,226973,0.713,4eWQlBRaTjPPUlzacqEeoQ,0.000637,0,0.137,-4.333,1,0.0747,129.923,4,https://api.spotify.com/v1/tracks/4eWQlBRaTjPPUlzacqEeoQ,audio_features,spotify:track:4eWQlBRaTjPPUlzacqEeoQ,0.243,558,110,80,1/12/18,2018,4eWQlBRaTjPPUlzacqEeoQ,Never Be the Same,Never Be the Same
https://i.scdn.co/image/142eccafbd4305f6d4325832076527f8d50d50ef,Post Malone,8894604,https://i.scdn.co/image/d6e77d06a98dae03be57cff1e3e0980ba66b24a9,https://i.scdn.co/image/c7384d9a531d912fa413c6cc5b6f755824881b2c,96,231266,0.354,https://api.spotify.com/v1/audio-analysis/7dt6x5M1jzdTEt8oCbisTK,0.68,231267,0.563,7dt6x5M1jzdTEt8oCbisTK,0,10,0.136,-5.843,1,0.0454,145.028,4,https://api.spotify.com/v1/tracks/7dt6x5M1jzdTEt8oCbisTK,audio_features,spotify:track:7dt6x5M1jzdTEt8oCbisTK,0.374,599,149,92,4/27/18,2018,7dt6x5M1jzdTEt8oCbisTK,Better Now,Better Now
https://i.scdn.co/image/381891c42f301e0abaa1b1dcfbf0390334e698eb,Ariana Grande,20841720,https://i.scdn.co/image/a1063f43437d1d724a3d7d8fe51410472d88cb27,https://i.scdn.co/image/6c60edb78bf9b1c0eeb219c9fdbbc9453eceb2c6,97,205920,0.04,https://api.spotify.com/v1/audio-analysis/2qT1uLXPVPzGgFOx4jtEuo,0.699,205920,0.713,2qT1uLXPVPzGgFOx4jtEuo,3.11E-06,9,0.294,-5.507,0,0.0594,121.993,4,https://api.spotify.com/v1/tracks/2qT1uLXPVPzGgFOx4jtEuo,audio_features,spotify:track:2qT1uLXPVPzGgFOx4jtEuo,0.354,720,113,89,8/17/18,2018,2qT1uLXPVPzGgFOx4jtEuo,No Tears Left to Cry,no tears left to cry
https://i.scdn.co/image/12d81cd3b4920c9aae5b3e1d244850fceb5a647f,J. Cole,6799693,https://i.scdn.co/image/6c27976d222131de69da808b86c19c78859c1be0,https://i.scdn.co/image/df0424ed9e3fd02f3c5a98dedd4307adb3df4eb3,88,216726,0.115,https://api.spotify.com/v1/audio-analysis/2UciqgwVDwro0fev3MFbxJ,0.719,216727,0.497,2UciqgwVDwro0fev3MFbxJ,0,8,0.0898,-7.661,1,0.681,81.651,4,https://api.spotify.com/v1/tracks/2UciqgwVDwro0fev3MFbxJ,audio_features,spotify:track:2UciqgwVDwro0fev3MFbxJ,0.345,754,208,74,4/20/18,2018,2UciqgwVDwro0fev3MFbxJ,ATM,ATM
https://i.scdn.co/image/12d81cd3b4920c9aae5b3e1d244850fceb5a647f,J. Cole,6799693,https://i.scdn.co/image/6c27976d222131de69da808b86c19c78859c1be0,https://i.scdn.co/image/df0424ed9e3fd02f3c5a98dedd4307adb3df4eb3,88,200309,0.482,https://api.spotify.com/v1/audio-analysis/6tZ3b7ik1QDXFAZlXib0YZ,0.829,200310,0.527,6tZ3b7ik1QDXFAZlXib0YZ,0,6,0.631,-6.644,0,0.367,116.078,4,https://api.spotify.com/v1/tracks/6tZ3b7ik1QDXFAZlXib0YZ,audio_features,spotify:track:6tZ3b7ik1QDXFAZlXib0YZ,0.473,750,229,75,4/20/18,2018,6tZ3b7ik1QDXFAZlXib0YZ,Kevin's Heart,Kevin’s Heart
https://i.scdn.co/image/12d81cd3b4920c9aae5b3e1d244850fceb5a647f,J. Cole,6799693,https://i.scdn.co/image/6c27976d222131de69da808b86c19c78859c1be0,https://i.scdn.co/image/df0424ed9e3fd02f3c5a98dedd4307adb3df4eb3,88,191436,0.21,https://api.spotify.com/v1/audio-analysis/7yotKA30dwTKNEGomV9ZsI,0.831,191437,0.782,7yotKA30dwTKNEGomV9ZsI,0,0,0.113,-6.274,1,0.15,141.869,4,https://api.spotify.com/v1/tracks/7yotKA30dwTKNEGomV9ZsI,audio_features,spotify:track:7yotKA30dwTKNEGomV9ZsI,0.199,756,225,78,4/20/18,2018,7yotKA30dwTKNEGomV9ZsI,KOD,KOD
https://i.scdn.co/image/77eb7c17cafe550339d4e59532356a393989fcbb,Nicki Minaj,13374828,https://i.scdn.co/image/36ea258428727a6c9f8b5a6dbe990d5f4957f48a,https://i.scdn.co/image/3f0d8976b4771834103b63aa1b60e98d9e95309f,95,191600,0.301,https://api.spotify.com/v1/audio-analysis/7I9svbEdAvJrXNdruNhad4,0.687,191600,0.737,7I9svbEdAvJrXNdruNhad4,4.73E-05,9,0.107,-5.179,1,0.388,129.054,5,https://api.spotify.com/v1/tracks/7I9svbEdAvJrXNdruNhad4,audio_features,spotify:track:7I9svbEdAvJrXNdruNhad4,0.452,553,221,0,11/29/18,2018,7I9svbEdAvJrXNdruNhad4,Chun-Li,Chun-Li
https://i.scdn.co/image/542d705154be4049fc927050d006987e63739bbd,Drake,29691663,https://i.scdn.co/image/ad10179d5f27ba77c7d6c95abd6e26f6a227e0d5,https://i.scdn.co/image/55e3fb26d67b4d71321440b3a440eecd9d8f20f7,100,210746,0.0891,https://api.spotify.com/v1/audio-analysis/3CA9pLiwRIGtUBiMjbZmRw,0.586,210747,0.909,3CA9pLiwRIGtUBiMjbZmRw,0.000109,8,0.119,-6.474,1,0.0705,93.394,4,https://api.spotify.com/v1/tracks/3CA9pLiwRIGtUBiMjbZmRw,audio_features,spotify:track:3CA9pLiwRIGtUBiMjbZmRw,0.757,1241,240,85,6/29/18,2018,3CA9pLiwRIGtUBiMjbZmRw,Nice for What,Nice For What
https://i.scdn.co/image/10c890602bb0c5e2076e29d10c1d3c4addaa152f,Cardi B,5237429,https://i.scdn.co/image/9d6e740f68d497a00934ddd74f349085cd9de65d,https://i.scdn.co/image/6e581f8d8c7dca6406947a3257fd1e29bda9fe6c,95,253390,0.099,https://api.spotify.com/v1/audio-analysis/58q2HKrzhC3ozto2nDdN4z,0.816,253390,0.726,58q2HKrzhC3ozto2nDdN4z,0,5,0.372,-3.998,0,0.129,136.048,4,https://api.spotify.com/v1/tracks/58q2HKrzhC3ozto2nDdN4z,audio_features,spotify:track:58q2HKrzhC3ozto2nDdN4z,0.65,957,358,90,4/6/18,2018,58q2HKrzhC3ozto2nDdN4z,I Like It,I Like It
https://i.scdn.co/image/9a1ab63b2e11e622d07f2cd89f33c976743f1fd5,The Weeknd,13484096,https://i.scdn.co/image/6f594793615650a9a6964bd523ef6977ccaaae85,https://i.scdn.co/image/df9086189e64ad3f3dec425f53b0c5f595a787b5,90,228373,0.211,https://api.spotify.com/v1/audio-analysis/4MPTj8lMMvxLwT3EwuXFop,0.449,228373,0.599,4MPTj8lMMvxLwT3EwuXFop,0,1,0.327,-4.892,1,0.0369,134.144,3,https://api.spotify.com/v1/tracks/4MPTj8lMMvxLwT3EwuXFop,audio_features,spotify:track:4MPTj8lMMvxLwT3EwuXFop,0.165,406,117,82,3/30/18,2018,4MPTj8lMMvxLwT3EwuXFop,Call Out My Name,Call Out My Name
https://i.scdn.co/image/79ef8fb6e772a47e3e045a747376dca7b900583e,Migos,7847217,https://i.scdn.co/image/98b8cc9b24841b0f516dfc52e9228ff7f47041f2,https://i.scdn.co/image/f31fe04e6bfd7d154cc6434cbec87483b8d2d46e,87,276147,0.0739,https://api.spotify.com/v1/audio-analysis/6n4U3TlzUGhdSFbUUhTvLP,0.909,276147,0.628,6n4U3TlzUGhdSFbUUhTvLP,0,2,0.108,-5.456,1,0.201,145.905,4,https://api.spotify.com/v1/tracks/6n4U3TlzUGhdSFbUUhTvLP,audio_features,spotify:track:6n4U3TlzUGhdSFbUUhTvLP,0.406,1328,334,83,1/26/18,2018,6n4U3TlzUGhdSFbUUhTvLP,Walk It Talk It,Walk It Talk It
https://i.scdn.co/image/2e70e7b198acc3bb03aaba9424c5fb23fb38c536,XXXTENTACION,8380844,https://i.scdn.co/image/b296f763e7f305e51ce70da0955f290b3c038b6b,https://i.scdn.co/image/3aae68e363871095051f421dff0203cb9084805b,98,166605,0.258,https://api.spotify.com/v1/audio-analysis/3ee8Jmje8o58CHK66QrVC2,0.74,166606,0.613,3ee8Jmje8o58CHK66QrVC2,0.00372,8,0.123,-4.88,1,0.145,75.023,4,https://api.spotify.com/v1/tracks/3ee8Jmje8o58CHK66QrVC2,audio_features,spotify:track:3ee8Jmje8o58CHK66QrVC2,0.473,375,67,93,3/16/18,2018,3ee8Jmje8o58CHK66QrVC2,Sad!,SAD!
https://i.scdn.co/image/1ec5d6e1b6c12b28710be6a4f4d9ba56afb4e87e,Lil Dicky,1019037,https://i.scdn.co/image/fcac0fb7a363ad3c46d8466985fefe21c1179250,https://i.scdn.co/image/35a946a3f76674b399d49c01d5a1872ccf661779,75,216631,0.147,https://api.spotify.com/v1/audio-analysis/10Igtw8bSDyyFs7KIsKngZ,0.755,216632,0.599,10Igtw8bSDyyFs7KIsKngZ,0,8,0.109,-5.042,1,0.224,133.123,4,https://api.spotify.com/v1/tracks/10Igtw8bSDyyFs7KIsKngZ,audio_features,spotify:track:10Igtw8bSDyyFs7KIsKngZ,0.755,561,314,82,3/15/18,2018,10Igtw8bSDyyFs7KIsKngZ,Freaky Friday,Freaky Friday (feat. Chris Brown)
https://i.scdn.co/image/eca361d8c370276420588fe8eb37321a15f9d931,Zedd,3621144,https://i.scdn.co/image/0f9931f7fa34b74b9e1a7005ab1a45f25b72f7f5,https://i.scdn.co/image/05d3a2929b511813917b264477540dfcd5e8c714,86,184732,0.171,https://api.spotify.com/v1/audio-analysis/09IStsImFySgyp0pIQdqAc,0.753,184732,0.657,09IStsImFySgyp0pIQdqAc,0,7,0.112,-3.061,1,0.0449,107.01,4,https://api.spotify.com/v1/tracks/09IStsImFySgyp0pIQdqAc,audio_features,spotify:track:09IStsImFySgyp0pIQdqAc,0.437,435,113,87,1/23/18,2018,09IStsImFySgyp0pIQdqAc,The Middle,The Middle
https://i.scdn.co/image/142eccafbd4305f6d4325832076527f8d50d50ef,Post Malone,8894625,https://i.scdn.co/image/d6e77d06a98dae03be57cff1e3e0980ba66b24a9,https://i.scdn.co/image/c7384d9a531d912fa413c6cc5b6f755824881b2c,96,221440,0.58,https://api.spotify.com/v1/audio-analysis/3swc6WTsr7rl9DqQKQA55C,0.739,221440,0.559,3swc6WTsr7rl9DqQKQA55C,0,8,0.112,-8.011,1,0.117,140.124,4,https://api.spotify.com/v1/tracks/3swc6WTsr7rl9DqQKQA55C,audio_features,spotify:track:3swc6WTsr7rl9DqQKQA55C,0.439,522,350,88,4/27/18,2018,3swc6WTsr7rl9DqQKQA55C,Psycho,Psycho (feat. Ty Dolla $ign)
https://i.scdn.co/image/6b7a1cdbf9ebfd3ca696d597136b51fbf8d15471,BlocBoy JB,528131,https://i.scdn.co/image/30b01ebddb7b9843d6210a7ef32127327ebb276c,https://i.scdn.co/image/7629502bb5e7dc2d6eac4342f553b89141d3f006,79,181263,0.00104,https://api.spotify.com/v1/audio-analysis/4qKcDkK6siZ7Jp1Jb4m0aL,0.922,181263,0.581,4qKcDkK6siZ7Jp1Jb4m0aL,5.86E-05,10,0.105,-7.495,1,0.27,140.022,4,https://api.spotify.com/v1/tracks/4qKcDkK6siZ7Jp1Jb4m0aL,audio_features,spotify:track:4qKcDkK6siZ7Jp1Jb4m0aL,0.595,453,302,85,2/9/18,2018,4qKcDkK6siZ7Jp1Jb4m0aL,Look Alive,Look Alive (feat. Drake)
https://i.scdn.co/image/2bd50294b0b2874d3182fa31a6fb825784e6e395,Kendrick Lamar,11316638,https://i.scdn.co/image/b772a78d4cb192268d6f601a78f21044c17d6dda,https://i.scdn.co/image/5259c0496329b3f608a1ae0edb799cd2f8451acc,91,232186,0.0605,https://api.spotify.com/v1/audio-analysis/3GCdLUSnKSMJhs4Tj6CV3s,0.698,232187,0.633,3GCdLUSnKSMJhs4Tj6CV3s,0.000194,8,0.0926,-4.946,1,0.0597,96.924,4,https://api.spotify.com/v1/tracks/3GCdLUSnKSMJhs4Tj6CV3s,audio_features,spotify:track:3GCdLUSnKSMJhs4Tj6CV3s,0.552,563,173,82,2/9/18,2018,3GCdLUSnKSMJhs4Tj6CV3s,All the Stars,All The Stars (with SZA)
https://i.scdn.co/image/2bd50294b0b2874d3182fa31a6fb825784e6e395,The Weeknd,11316639,https://i.scdn.co/image/b772a78d4cb192268d6f601a78f21044c17d6dda,https://i.scdn.co/image/5259c0496329b3f608a1ae0edb799cd2f8451acc,91,211440,0.0762,https://api.spotify.com/v1/audio-analysis/77UjLW8j5UAGAGVGhR5oUK,0.735,211440,0.677,77UjLW8j5UAGAGVGhR5oUK,2.17E-05,2,0.111,-4.979,1,0.093,100.584,4,https://api.spotify.com/v1/tracks/77UjLW8j5UAGAGVGhR5oUK,audio_features,spotify:track:77UjLW8j5UAGAGVGhR5oUK,0.188,453,248,79,2/9/18,2018,77UjLW8j5UAGAGVGhR5oUK,Pray for Me,Pray For Me (with Kendrick Lamar)
https://i.scdn.co/image/79ef8fb6e772a47e3e045a747376dca7b900583e,Migos,7847220,https://i.scdn.co/image/98b8cc9b24841b0f516dfc52e9228ff7f47041f2,https://i.scdn.co/image/f31fe04e6bfd7d154cc6434cbec87483b8d2d46e,87,190288,0.00299,https://api.spotify.com/v1/audio-analysis/2UVbBKQOdFAekPTRsnkzcf,0.815,190288,0.816,2UVbBKQOdFAekPTRsnkzcf,0,2,0.159,-5.474,1,0.269,181.967,4,https://api.spotify.com/v1/tracks/2UVbBKQOdFAekPTRsnkzcf,audio_features,spotify:track:2UVbBKQOdFAekPTRsnkzcf,0.498,819,264,80,1/26/18,2018,2UVbBKQOdFAekPTRsnkzcf,Stir Fry,Stir Fry
https://i.scdn.co/image/542d705154be4049fc927050d006987e63739bbd,Drake,29691686,https://i.scdn.co/image/ad10179d5f27ba77c7d6c95abd6e26f6a227e0d5,https://i.scdn.co/image/55e3fb26d67b4d71321440b3a440eecd9d8f20f7,100,198973,0.0332,https://api.spotify.com/v1/audio-analysis/6DCZcSspjsKoFjzjrWoCdn,0.754,198973,0.449,6DCZcSspjsKoFjzjrWoCdn,8.29E-05,7,0.552,-9.211,1,0.109,77.169,4,https://api.spotify.com/v1/tracks/6DCZcSspjsKoFjzjrWoCdn,audio_features,spotify:track:6DCZcSspjsKoFjzjrWoCdn,0.357,463,154,89,6/29/18,2018,6DCZcSspjsKoFjzjrWoCdn,God's Plan,God's Plan
https://i.scdn.co/image/6abf620eeb7402052d26396cecd895810f8f2874,Drake,29691687,https://i.scdn.co/image/ad10179d5f27ba77c7d6c95abd6e26f6a227e0d5,https://i.scdn.co/image/55e3fb26d67b4d71321440b3a440eecd9d8f20f7,100,255866,0.00531,https://api.spotify.com/v1/audio-analysis/4haJoBPbPj9QFKNpp9e8kx,0.654,255867,0.839,4haJoBPbPj9QFKNpp9e8kx,0,9,0.308,-5.076,0,0.443,74.886,4,https://api.spotify.com/v1/tracks/4haJoBPbPj9QFKNpp9e8kx,audio_features,spotify:track:4haJoBPbPj9QFKNpp9e8kx,0.549,743,386,61,1/20/18,2018,4haJoBPbPj9QFKNpp9e8kx,Diplomatic Immunity,Diplomatic Immunity
https://i.scdn.co/image/816dcd7b9b6651dd39ef483f41583514a3acad3c,Bruno Mars,18318668,https://i.scdn.co/image/5461dcbb3f23e1df62d85c8273fc49cc4edd49d5,https://i.scdn.co/image/63cad86cb183568085a4e5f0be86aa187cc511e4,90,217288,0.0185,https://api.spotify.com/v1/audio-analysis/3Vo4wInECJQuz9BIBMOu8i,0.704,217289,0.859,3Vo4wInECJQuz9BIBMOu8i,0,5,0.0215,-4.877,0,0.0996,105.115,4,https://api.spotify.com/v1/tracks/3Vo4wInECJQuz9BIBMOu8i,audio_features,spotify:track:3Vo4wInECJQuz9BIBMOu8i,0.926,311,226,80,12/20/17,2017,3Vo4wInECJQuz9BIBMOu8i,Finesse,Finesse (Remix) [feat. Cardi B]
https://i.scdn.co/image/7bf3de68381e7c944aebbe5cc8cfbe46e4fcd25f,Justin Timberlake,7290275,https://i.scdn.co/image/a721c7022afa24dda75ff146595919108635cbc9,https://i.scdn.co/image/bc3095a3b37f0ed452bf4243e7369cc05b4fae58,83,293946,0.0354,https://api.spotify.com/v1/audio-analysis/1L3NV7VrCiuE8C5QlhdeQL,0.745,293947,0.579,1L3NV7VrCiuE8C5QlhdeQL,0.0118,1,0.246,-5.771,1,0.138,97.002,4,https://api.spotify.com/v1/tracks/1L3NV7VrCiuE8C5QlhdeQL,audio_features,spotify:track:1L3NV7VrCiuE8C5QlhdeQL,0.645,582,129,56,1/5/18,2018,1L3NV7VrCiuE8C5QlhdeQL,Filthy,Filthy
https://i.scdn.co/image/10c890602bb0c5e2076e29d10c1d3c4addaa152f,Cardi B,5237445,https://i.scdn.co/image/9d6e740f68d497a00934ddd74f349085cd9de65d,https://i.scdn.co/image/6e581f8d8c7dca6406947a3257fd1e29bda9fe6c,95,223712,0.0659,https://api.spotify.com/v1/audio-analysis/6KBYefIoo7KydImq1uUQlL,0.926,223713,0.703,6KBYefIoo7KydImq1uUQlL,0,11,0.231,-6.337,0,0.103,125.022,4,https://api.spotify.com/v1/tracks/6KBYefIoo7KydImq1uUQlL,audio_features,spotify:track:6KBYefIoo7KydImq1uUQlL,0.485,852,246,79,4/6/18,2018,6KBYefIoo7KydImq1uUQlL,Bodak Yellow,Bodak Yellow
https://i.scdn.co/image/9f26166952f15b7a590d516ae10e88915f3badf4,Sam Smith,7366229,https://i.scdn.co/image/a75e3585bc7b453e6f768c02b977bd1f5a03ebad,https://i.scdn.co/image/997be88b275a7ed113d48c5ff9f50aa16445c2b1,90,201000,0.615,https://api.spotify.com/v1/audio-analysis/3VlbOrM6nYPprVvzBZllE5,0.661,201000,0.373,3VlbOrM6nYPprVvzBZllE5,0,5,0.177,-8.249,1,0.0505,91.5,4,https://api.spotify.com/v1/tracks/3VlbOrM6nYPprVvzBZllE5,audio_features,spotify:track:3VlbOrM6nYPprVvzBZllE5,0.523,500,99,78,11/3/17,2017,3VlbOrM6nYPprVvzBZllE5,Too Good at Goodbyes,Too Good At Goodbyes
https://i.scdn.co/image/142eccafbd4305f6d4325832076527f8d50d50ef,Post Malone,8894639,https://i.scdn.co/image/d6e77d06a98dae03be57cff1e3e0980ba66b24a9,https://i.scdn.co/image/c7384d9a531d912fa413c6cc5b6f755824881b2c,96,218146,0.117,https://api.spotify.com/v1/audio-analysis/0e7ipj03S05BNilyu5bRzt,0.587,218147,0.535,0e7ipj03S05BNilyu5bRzt,6.56E-05,5,0.131,-6.09,0,0.0898,159.847,4,https://api.spotify.com/v1/tracks/0e7ipj03S05BNilyu5bRzt,audio_features,spotify:track:0e7ipj03S05BNilyu5bRzt,0.14,576,232,90,4/27/18,2018,0e7ipj03S05BNilyu5bRzt,Rockstar,rockstar (feat. 21 Savage)
https://i.scdn.co/image/79ef8fb6e772a47e3e045a747376dca7b900583e,Migos,7847229,https://i.scdn.co/image/98b8cc9b24841b0f516dfc52e9228ff7f47041f2,https://i.scdn.co/image/f31fe04e6bfd7d154cc6434cbec87483b8d2d46e,87,303076,0.0338,https://api.spotify.com/v1/audio-analysis/4wFjTWCunQFKtukqrNijEt,0.896,303077,0.515,4wFjTWCunQFKtukqrNijEt,0,2,0.317,-5.395,1,0.183,138.016,4,https://api.spotify.com/v1/tracks/4wFjTWCunQFKtukqrNijEt,audio_features,spotify:track:4wFjTWCunQFKtukqrNijEt,0.174,1187,477,80,1/26/18,2018,4wFjTWCunQFKtukqrNijEt,MotorSport,MotorSport
https://i.scdn.co/image/0f8644c1b70a84b65310c8d4abd56128107fc3c0,Calvin Harris,14210730,https://i.scdn.co/image/c881da12bc67c50b377d0cd437581730274c5c21,https://i.scdn.co/image/ae8b76c87273307b365e41c5de76f0f47dd50f39,91,214846,0.037,https://api.spotify.com/v1/audio-analysis/7ef4DlsgrMEH11cDZd32M6,0.791,214847,0.862,7ef4DlsgrMEH11cDZd32M6,2.19E-05,9,0.0814,-3.24,0,0.11,123.994,4,https://api.spotify.com/v1/tracks/7ef4DlsgrMEH11cDZd32M6,audio_features,spotify:track:7ef4DlsgrMEH11cDZd32M6,0.592,355,90,89,4/6/18,2018,7ef4DlsgrMEH11cDZd32M6,ONE KISS,One Kiss (with Dua Lipa)
https://i.scdn.co/image/32dbd227fc8cc94fb7ec9ab5bddc8e9ca72db125,Keala Settle,411917,https://i.scdn.co/image/853d77fb4c4834e2b9308027489e60ce6a70dca7,https://i.scdn.co/image/f30641e62cc7ff58f96c68b1a5353d0084a2d855,0,234706,0.00583,https://api.spotify.com/v1/audio-analysis/45aBsnKRWUzhwbcqOJLwfe,0.284,234707,0.704,45aBsnKRWUzhwbcqOJLwfe,0.000115,2,0.0424,-7.276,1,0.186,191.702,4,https://api.spotify.com/v1/tracks/45aBsnKRWUzhwbcqOJLwfe,audio_features,spotify:track:45aBsnKRWUzhwbcqOJLwfe,0.1,545,146,81,12/8/17,2017,45aBsnKRWUzhwbcqOJLwfe,THIS IS ME,This Is Me
https://i.scdn.co/image/caf848886b4cd05003fb342f928b64ea09b305f3,George Ezra,1514683,https://i.scdn.co/image/52b95d7e8897a07c3c7d843e1f4ae9c61e80c90a,https://i.scdn.co/image/ad45a120872798a9b98f1585f1c59b68c9a5805d,83,201287,0.286,https://api.spotify.com/v1/audio-analysis/4ofwffwvvnbSkrMSCKQDaC,0.672,201287,0.735,4ofwffwvvnbSkrMSCKQDaC,0,5,0.242,-4.733,1,0.0457,115.741,4,https://api.spotify.com/v1/tracks/4ofwffwvvnbSkrMSCKQDaC,audio_features,spotify:track:4ofwffwvvnbSkrMSCKQDaC,0.754,385,92,88,3/23/18,2018,4ofwffwvvnbSkrMSCKQDaC,SHOTGUN,Shotgun
https://i.scdn.co/image/ab9e1e2e78d4f25e10364403dc13d7cffded6daf,Marshmello,6764017,https://i.scdn.co/image/d390ea8d34e3066c927eca1a67a9e6ccb6e943a1,https://i.scdn.co/image/719dab7f27ba0793b4ca7c5672ecf56d3d88467b,90,202620,0.205,https://api.spotify.com/v1/audio-analysis/08bNPGLD8AhKpnnERrAc6G,0.626,202621,0.88,08bNPGLD8AhKpnnERrAc6G,0,9,0.128,-2.384,0,0.0504,95.079,4,https://api.spotify.com/v1/tracks/08bNPGLD8AhKpnnERrAc6G,audio_features,spotify:track:08bNPGLD8AhKpnnERrAc6G,0.534,548,146,87,2/9/18,2018,08bNPGLD8AhKpnnERrAc6G,FRIENDS,FRIENDS
https://i.scdn.co/image/292b19bd5de87d20301604d538d794e4a8e7489e,Ramz,122156,https://i.scdn.co/image/53c2492d334d11d04e2c27e8c0869b4170261f99,https://i.scdn.co/image/8ae3baf6c451273c7676fc55b61af08fe0dbf3b0,65,202826,0.185,https://api.spotify.com/v1/audio-analysis/2U5cq89GCnsR1yixKkC8d5,0.45,202827,0.465,2U5cq89GCnsR1yixKkC8d5,0,7,0.0782,-7.867,0,0.268,70.231,3,https://api.spotify.com/v1/tracks/2U5cq89GCnsR1yixKkC8d5,audio_features,spotify:track:2U5cq89GCnsR1yixKkC8d5,0.788,598,120,75,12/1/17,2017,2U5cq89GCnsR1yixKkC8d5,BARKING,Barking
https://i.scdn.co/image/fcea66754c5ea32f09ef4d73db269d25e7622c2f,Eminem,22194911,https://i.scdn.co/image/ed213a32e1327f3f2d7b2539eb1db57f55b68dbb,https://i.scdn.co/image/ae8dd3b01ada324eeb8c0b341e8f7ebda406095e,95,221013,0.142,https://api.spotify.com/v1/audio-analysis/1cS0TgbR263ey9jn0MwD2s,0.748,221013,0.749,1cS0TgbR263ey9jn0MwD2s,0,8,0.0713,-5.916,0,0.516,90.09,4,https://api.spotify.com/v1/tracks/1cS0TgbR263ey9jn0MwD2s,audio_features,spotify:track:1cS0TgbR263ey9jn0MwD2s,0.659,841,341,81,12/15/17,2017,1cS0TgbR263ey9jn0MwD2s,RIVER,River (feat. Ed Sheeran)
https://i.scdn.co/image/818e3b50a414e755960fc12c4f6b28df68d20147,JENNIE,102441,https://i.scdn.co/image/4ad7e3620978619bd4ab34431a5f961e8e5d4f2d,https://i.scdn.co/image/1c56394af3e112a1369cb26c1c7fd486cfdd6e1f,73,169566,0.128,https://api.spotify.com/v1/audio-analysis/2wVDWtLKXunswWecARNILj,0.681,168461,0.666,2wVDWtLKXunswWecARNILj,0,3,0.127,-5.264,0,0.162,95.028,4,https://api.spotify.com/v1/tracks/2wVDWtLKXunswWecARNILj,audio_features,spotify:track:2wVDWtLKXunswWecARNILj,0.413,270,134,80,11/12/18,2018,2wVDWtLKXunswWecARNILj,SOLO,SOLO
https://i.scdn.co/image/32dbd227fc8cc94fb7ec9ab5bddc8e9ca72db125,Hugh Jackman,411917,https://i.scdn.co/image/853d77fb4c4834e2b9308027489e60ce6a70dca7,https://i.scdn.co/image/f30641e62cc7ff58f96c68b1a5353d0084a2d855,0,302146,0.000239,https://api.spotify.com/v1/audio-analysis/4ylWMuGbMXNDgDd8lErEle,0.417,302147,0.824,4ylWMuGbMXNDgDd8lErEle,0.0545,11,0.0725,-7.36,0,0.105,157.92,4,https://api.spotify.com/v1/tracks/4ylWMuGbMXNDgDd8lErEle,audio_features,spotify:track:4ylWMuGbMXNDgDd8lErEle,0.4,726,174,80,12/8/17,2017,4ylWMuGbMXNDgDd8lErEle,THE GREATEST SHOW,The Greatest Show
https://i.scdn.co/image/32dbd227fc8cc94fb7ec9ab5bddc8e9ca72db125,Zac Efron,411917,https://i.scdn.co/image/853d77fb4c4834e2b9308027489e60ce6a70dca7,https://i.scdn.co/image/f30641e62cc7ff58f96c68b1a5353d0084a2d855,0,217440,0.0716,https://api.spotify.com/v1/audio-analysis/65fpYBrI8o2cfrwf2US4gq,0.684,217440,0.619,65fpYBrI8o2cfrwf2US4gq,0,10,0.122,-7.005,1,0.0386,125.046,4,https://api.spotify.com/v1/tracks/65fpYBrI8o2cfrwf2US4gq,audio_features,spotify:track:65fpYBrI8o2cfrwf2US4gq,0.284,439,148,81,12/8/17,2017,65fpYBrI8o2cfrwf2US4gq,REWRITE THE STARS,Rewrite The Stars
https://i.scdn.co/image/af74e1fcc56fb50cad5377b025710224f745d4ba,Jason Derulo,6223377,https://i.scdn.co/image/95c580b7f4eb48f34a3e9b73ec763801d3eb9e9d,https://i.scdn.co/image/94ec695562c35fcbf00cc51ca765fc8002393d58,85,187521,0.0233,https://api.spotify.com/v1/audio-analysis/2z4pcBLQXF2BXKFvd0BuB6,0.845,187521,0.709,2z4pcBLQXF2BXKFvd0BuB6,0,10,0.094,-4.547,0,0.0714,98.062,4,https://api.spotify.com/v1/tracks/2z4pcBLQXF2BXKFvd0BuB6,audio_features,spotify:track:2z4pcBLQXF2BXKFvd0BuB6,0.62,404,284,76,11/10/17,2017,2z4pcBLQXF2BXKFvd0BuB6,TIP TOE,Tip Toe (feat. French Montana)
https://i.scdn.co/image/828457f43e77417b761080dff6deab9b77a4cf3d,Jess Glynne,1154767,https://i.scdn.co/image/14f75340efbbd864954c231eaeae65c14b13b428,https://i.scdn.co/image/83ada39a5ee4427d360f293806499ac31290db15,84,193923,0.0228,https://api.spotify.com/v1/audio-analysis/083Qf6hn6sFL6xiOHlZUyn,0.623,193924,0.851,083Qf6hn6sFL6xiOHlZUyn,0,7,0.12,-3.111,1,0.0409,100.063,4,https://api.spotify.com/v1/tracks/083Qf6hn6sFL6xiOHlZUyn,audio_features,spotify:track:083Qf6hn6sFL6xiOHlZUyn,0.4,547,103,80,5/3/18,2018,083Qf6hn6sFL6xiOHlZUyn,I'LL BE THERE,I'll Be There
https://i.scdn.co/image/e4107107488754b453d7d3b528ac9a93e27fcaf2,Banx & Ranx,6385,https://i.scdn.co/image/56124dc83b9ceda79316eabc993a4857290e0ea8,https://i.scdn.co/image/a2c1a304d477e8bd4f1eda3428efb6f4e51892d7,64,190920,0.0387,https://api.spotify.com/v1/audio-analysis/1HagMz5nWk1HmevNCBOxF3,0.671,190921,0.834,1HagMz5nWk1HmevNCBOxF3,0,1,0.454,-3.928,0,0.0885,113.021,4,https://api.spotify.com/v1/tracks/1HagMz5nWk1HmevNCBOxF3,audio_features,spotify:track:1HagMz5nWk1HmevNCBOxF3,0.454,556,336,73,3/15/18,2018,1HagMz5nWk1HmevNCBOxF3,ANSWERPHONE,Answerphone (feat. Yxng Bane)
https://i.scdn.co/image/c3c40c164bb9b6841eb30b1ea0a9b80316e0890b,M.O,126162,https://i.scdn.co/image/a9b898d74f513cd7feaad6d918715d0924eb79f5,https://i.scdn.co/image/eb5f591429d314393993e33d3a281166b1245a61,64,214253,0.181,https://api.spotify.com/v1/audio-analysis/70eehEqNug7oAhozjhG21t,0.809,214253,0.703,70eehEqNug7oAhozjhG21t,0,10,0.0913,-4.411,1,0.0417,109.994,4,https://api.spotify.com/v1/tracks/70eehEqNug7oAhozjhG21t,audio_features,spotify:track:70eehEqNug7oAhozjhG21t,0.773,760,168,70,1/25/18,2018,70eehEqNug7oAhozjhG21t,BAD VIBE,Bad Vibe
https://i.scdn.co/image/24686f4ddeb3be3f291e72e5b060c2f5ec7a124a,Jonas Blue,1417991,https://i.scdn.co/image/f17ca2260648e94661d220106987b3a74e097e84,https://i.scdn.co/image/dba89940834b2a0cb45dcfc0877f2474fa034546,85,194407,0.323,https://api.spotify.com/v1/audio-analysis/3u1S1OmAUhx5DRlLrXqyp3,0.69,194408,0.784,3u1S1OmAUhx5DRlLrXqyp3,0,1,0.203,-4.653,1,0.032,106.066,4,https://api.spotify.com/v1/tracks/3u1S1OmAUhx5DRlLrXqyp3,audio_features,spotify:track:3u1S1OmAUhx5DRlLrXqyp3,0.669,456,98,89,5/25/18,2018,3u1S1OmAUhx5DRlLrXqyp3,RISE,Rise
https://i.scdn.co/image/cf7982ed224572c39f5a69016fb36d0706813f9e,benny blanco,29835,https://i.scdn.co/image/eaadcbc06c875ccf17d1439d3c29a8cb5aaf54b5,https://i.scdn.co/image/8795c390d23c860af9890ee33ae7781bcdce623c,83,173799,0.555,https://api.spotify.com/v1/audio-analysis/0d2iYfpKoM0QCKvcLCkBao,0.56,173800,0.68,0d2iYfpKoM0QCKvcLCkBao,0,6,0.116,-7.648,0,0.321,89.391,4,https://api.spotify.com/v1/tracks/0d2iYfpKoM0QCKvcLCkBao,audio_features,spotify:track:0d2iYfpKoM0QCKvcLCkBao,0.319,589,382,94,7/12/18,2018,0d2iYfpKoM0QCKvcLCkBao,EASTSIDE,Eastside (with Halsey & Khalid)
https://i.scdn.co/image/191dc75aae7a356f95e910206a24ee12fba4f00a,B Young,79150,https://i.scdn.co/image/502d95675a0f205688b28933bcf10b0526d92e96,https://i.scdn.co/image/accd61522255f44793c76315654029a13b808212,66,211852,0.404,https://api.spotify.com/v1/audio-analysis/5f14ylFBAuwqVHXvafqtmd,0.629,211853,0.601,5f14ylFBAuwqVHXvafqtmd,0,10,0.0582,-7.508,0,0.309,199.921,4,https://api.spotify.com/v1/tracks/5f14ylFBAuwqVHXvafqtmd,audio_features,spotify:track:5f14ylFBAuwqVHXvafqtmd,0.612,609,139,71,6/21/18,2018,5f14ylFBAuwqVHXvafqtmd,079ME,079ME
https://i.scdn.co/image/e3ab7cd7b2f609954581de631d04374337194245,Queen Naija,534510,https://i.scdn.co/image/13aa7e64dc23421e541519bf2b4da8460c88f0bf,https://i.scdn.co/image/98e494874e56a2a3123b3a89540f61302d768753,69,212174,0.295,https://api.spotify.com/v1/audio-analysis/4A58lXGBRCg2cumRXTRxHO,0.737,212175,0.542,4A58lXGBRCg2cumRXTRxHO,0,8,0.103,-7.593,1,0.0732,119.973,4,https://api.spotify.com/v1/tracks/4A58lXGBRCg2cumRXTRxHO,audio_features,spotify:track:4A58lXGBRCg2cumRXTRxHO,0.385,468,139,67,7/27/18,2018,4A58lXGBRCg2cumRXTRxHO,BUTTERFLIES,Butterflies
https://i.scdn.co/image/b0875765de11e1b6bdfbdd07c2de72e65c02f524,Calvin Harris,14210737,https://i.scdn.co/image/c881da12bc67c50b377d0cd437581730274c5c21,https://i.scdn.co/image/ae8b76c87273307b365e41c5de76f0f47dd50f39,91,213309,0.0119,https://api.spotify.com/v1/audio-analysis/5N5k9nd479b1xpDZ4usjrg,0.781,213309,0.768,5N5k9nd479b1xpDZ4usjrg,4.91E-06,11,0.325,-5.991,1,0.0394,123.07,4,https://api.spotify.com/v1/tracks/5N5k9nd479b1xpDZ4usjrg,audio_features,spotify:track:5N5k9nd479b1xpDZ4usjrg,0.486,566,379,93,8/17/18,2018,5N5k9nd479b1xpDZ4usjrg,PROMISES,Promises (with Sam Smith)
https://i.scdn.co/image/081d947f23e3b2499b02fe87f8744b87d40fac8a,Chase Rice,485326,https://i.scdn.co/image/570bb7718c4b5453d04199dbfee752339d5bab10,https://i.scdn.co/image/bcdeb5d4be051ebdf471a6d552c855d8edd5b39e,67,234186,0.0275,https://api.spotify.com/v1/audio-analysis/4ruSkRHMQKBPtYAYpMf0oR,0.44,234187,0.889,4ruSkRHMQKBPtYAYpMf0oR,0,8,0.143,-4.723,1,0.0462,166.074,4,https://api.spotify.com/v1/tracks/4ruSkRHMQKBPtYAYpMf0oR,audio_features,spotify:track:4ruSkRHMQKBPtYAYpMf0oR,0.409,444,165,58,11/17/17,2017,4ruSkRHMQKBPtYAYpMf0oR,3 LIONS,Three Chords & The Truth
https://i.scdn.co/image/a2e6c52ccbec017999ee6a9176be2c3aa185f550,Tiësto,3846016,https://i.scdn.co/image/b61ed151e84f9325766598aeebd7bb4bd4951ef8,https://i.scdn.co/image/bc2bfc39ce5b7c78995f0e0ae12961394686b7f8,83,215759,0.374,https://api.spotify.com/v1/audio-analysis/4kWO6O1BUXcZmaxitpVUwp,0.747,215760,0.834,4kWO6O1BUXcZmaxitpVUwp,0,3,0.0586,-2.867,0,0.045,128.005,4,https://api.spotify.com/v1/tracks/4kWO6O1BUXcZmaxitpVUwp,audio_features,spotify:track:4kWO6O1BUXcZmaxitpVUwp,0.687,603,179,87,5/18/18,2018,4kWO6O1BUXcZmaxitpVUwp,JACKIE CHAN,Jackie Chan
https://i.scdn.co/image/7ab4395b77a2ef6b6f202ff0a98d8180937e924a,A$AP Rocky,4666647,https://i.scdn.co/image/ea6a2be8645a788d0fa1eb1adb6a02f8bc3148fc,https://i.scdn.co/image/80109a31021dd821ae66d6d47ca2af399463a56c,88,205040,0.0609,https://api.spotify.com/v1/audio-analysis/7ycWLEP1GsNjVvcjawXz3z,0.85,205040,0.569,7ycWLEP1GsNjVvcjawXz3z,0.0816,5,0.1,-8.152,0,0.136,80.02,4,https://api.spotify.com/v1/tracks/7ycWLEP1GsNjVvcjawXz3z,audio_features,spotify:track:7ycWLEP1GsNjVvcjawXz3z,0.294,657,212,86,5/25/18,2018,7ycWLEP1GsNjVvcjawXz3z,PRAISE THE LORD (DA SHINE),Praise The Lord (Da Shine)
https://i.scdn.co/image/10c890602bb0c5e2076e29d10c1d3c4addaa152f,Cardi B,5237470,https://i.scdn.co/image/9d6e740f68d497a00934ddd74f349085cd9de65d,https://i.scdn.co/image/6e581f8d8c7dca6406947a3257fd1e29bda9fe6c,95,177139,0.049,https://api.spotify.com/v1/audio-analysis/5DfWF0jqMgZDCiu9zJENTA,0.767,177140,0.543,5DfWF0jqMgZDCiu9zJENTA,0,1,0.115,-7.881,0,0.103,106.029,4,https://api.spotify.com/v1/tracks/5DfWF0jqMgZDCiu9zJENTA,audio_features,spotify:track:5DfWF0jqMgZDCiu9zJENTA,0.485,511,189,78,4/6/18,2018,5DfWF0jqMgZDCiu9zJENTA,RING RING,Ring (feat. Kehlani)
https://i.scdn.co/image/7ee64b20bef73ee2c1cbd3ff93993cfd6bc62648,Billie Eilish,2729971,https://i.scdn.co/image/1805cf70eb5b206794d098cf443f8e34ca825e85,https://i.scdn.co/image/cf894f0733ff64bb17bbcbf3145547ab2103a37b,93,200379,0.816,https://api.spotify.com/v1/audio-analysis/7hDVYcQq6MxkdJGweuCtl9,0.511,200379,0.363,7hDVYcQq6MxkdJGweuCtl9,0.0317,4,0.084,-7.65,0,0.041,144.892,4,https://api.spotify.com/v1/tracks/7hDVYcQq6MxkdJGweuCtl9,audio_features,spotify:track:7hDVYcQq6MxkdJGweuCtl9,0.169,189,72,84,12/22/17,2017,7hDVYcQq6MxkdJGweuCtl9,OCEAN,ocean eyes
https://i.scdn.co/image/47841a865a85ae39da440a1346e56190bf035d02,Liam Payne,3075315,https://i.scdn.co/image/a4b9fdf99fb027a3fe773be9b390ccadddb9b587,https://i.scdn.co/image/74df6099b05bf92209449e9d58089663859acb6f,86,244600,0.0159,https://api.spotify.com/v1/audio-analysis/1YQPmgqj0dhqOcrkfuHHKj,0.536,244600,0.791,1YQPmgqj0dhqOcrkfuHHKj,0,2,0.235,-4.655,0,0.0343,113.068,4,https://api.spotify.com/v1/tracks/1YQPmgqj0dhqOcrkfuHHKj,audio_features,spotify:track:1YQPmgqj0dhqOcrkfuHHKj,0.187,311,226,63,11/23/18,2018,1YQPmgqj0dhqOcrkfuHHKj,FOR YOU (FIFTY SHADES FREED),For You (Fifty Shades Freed)
https://i.scdn.co/image/95604cf23534a5d64c24a8b018944a4c240e7ebc,David Guetta,16760989,https://i.scdn.co/image/0de6be7a3a2d1a82a7adafdbb44282b136741150,https://i.scdn.co/image/86277c32db4a89ff74e9478a852e701975a4a49c,91,195000,0.0723,https://api.spotify.com/v1/audio-analysis/33IOhptvC2Qoy2UhjiHXLV,0.609,195000,0.726,33IOhptvC2Qoy2UhjiHXLV,8.45E-06,5,0.0895,-4.346,0,0.0414,93.958,4,https://api.spotify.com/v1/tracks/33IOhptvC2Qoy2UhjiHXLV,audio_features,spotify:track:33IOhptvC2Qoy2UhjiHXLV,0.362,350,86,83,3/22/18,2018,33IOhptvC2Qoy2UhjiHXLV,FLAMES,Flames
https://i.scdn.co/image/15f95fb58aab0ef346f5241283f8ae955ff1226e,Lil Wayne,6908125,https://i.scdn.co/image/3c7abd562ec4d3e75cb99186404baa2035a5040b,https://i.scdn.co/image/5571c43301ca9d2bf86c768d3946ea946f6d270d,92,249751,0.4,https://api.spotify.com/v1/audio-analysis/4E3qImtJzRqLt8ZZyLceOE,0.746,249751,0.644,4E3qImtJzRqLt8ZZyLceOE,0,7,0.095,-2.605,1,0.232,146.178,4,https://api.spotify.com/v1/tracks/4E3qImtJzRqLt8ZZyLceOE,audio_features,spotify:track:4E3qImtJzRqLt8ZZyLceOE,0.542,821,229,70,9/28/18,2018,4E3qImtJzRqLt8ZZyLceOE,STRANGERS,Perfect Strangers
https://i.scdn.co/image/e07185ca1fc9e5f59ad13a442d452ebea2fa192a,Years & Years,896427,https://i.scdn.co/image/179e1ae602c611e45f167eedbc26f65964365fe6,https://i.scdn.co/image/3971c192ab2108fff735d7cf5ef8932b6dbe4829,77,189000,0.0615,https://api.spotify.com/v1/audio-analysis/01k24g94i1JvkFLQmVEdCd,0.647,189000,0.853,01k24g94i1JvkFLQmVEdCd,0,8,0.062,-4.516,1,0.0904,103.846,4,https://api.spotify.com/v1/tracks/01k24g94i1JvkFLQmVEdCd,audio_features,spotify:track:01k24g94i1JvkFLQmVEdCd,0.618,504,151,76,5/10/18,2018,01k24g94i1JvkFLQmVEdCd,IF YOU'RE OVER ME,If You're Over Me
https://i.scdn.co/image/75c02b42da899fc03b8a3cbfb8686a3920385525,Shawn Mendes,13228848,https://i.scdn.co/image/a9f8300b3671d2fb4f6261dcd161332d95c76e4c,https://i.scdn.co/image/d874d70749ecc2fe3c875e557a5316ead55aa06e,90,211360,0.0573,https://api.spotify.com/v1/audio-analysis/2QZ7WLBE8h2y1Y5Fb8RYbH,0.622,211360,0.712,2QZ7WLBE8h2y1Y5Fb8RYbH,0,5,0.13,-7.321,1,0.066,140.025,4,https://api.spotify.com/v1/tracks/2QZ7WLBE8h2y1Y5Fb8RYbH,audio_features,spotify:track:2QZ7WLBE8h2y1Y5Fb8RYbH,0.487,333,97,85,5/25/18,2018,2QZ7WLBE8h2y1Y5Fb8RYbH,IN MY BLOOD,In My Blood
https://i.scdn.co/image/78deb188cc89b8f8c9a7ccf907f76702cac86dc8,Lil Skies,1775770,https://i.scdn.co/image/1ca2a6d7a0f3e7bd8ccf8982681f9bde6d4938ef,https://i.scdn.co/image/e2d587b94e8375f4ba57c8b8051d034a8ea4a785,85,211200,0.194,https://api.spotify.com/v1/audio-analysis/5Cg98kiDYtCEHmjcKD0CJD,0.773,211200,0.602,5Cg98kiDYtCEHmjcKD0CJD,0.000443,10,0.141,-6.384,1,0.108,74.896,4,https://api.spotify.com/v1/tracks/5Cg98kiDYtCEHmjcKD0CJD,audio_features,spotify:track:5Cg98kiDYtCEHmjcKD0CJD,0.442,595,388,75,5/31/18,2018,5Cg98kiDYtCEHmjcKD0CJD,I KNOW YOU,I Know You (feat. Yung Pinch)
https://i.scdn.co/image/ae2edb70f5e67fc5f7f8f92b2b0f3e846699b447,Taylor Swift,16393230,https://i.scdn.co/image/33bc9128ad82f7d39847b6db6a49d5416502e7e7,https://i.scdn.co/image/cec43c2fb746ea2a0c7546aa3408fe2f94887fe4,89,232253,0.216,https://api.spotify.com/v1/audio-analysis/6NFyWDv5CjfwuzoCkw47Xf,0.75,232253,0.404,6NFyWDv5CjfwuzoCkw47Xf,0.000357,9,0.0911,-10.178,0,0.0682,95.045,4,https://api.spotify.com/v1/tracks/6NFyWDv5CjfwuzoCkw47Xf,audio_features,spotify:track:6NFyWDv5CjfwuzoCkw47Xf,0.0499,630,140,81,11/10/17,2017,6NFyWDv5CjfwuzoCkw47Xf,Delicate,Delicate
https://i.scdn.co/image/ae2edb70f5e67fc5f7f8f92b2b0f3e846699b447,Taylor Swift,16393230,https://i.scdn.co/image/33bc9128ad82f7d39847b6db6a49d5416502e7e7,https://i.scdn.co/image/cec43c2fb746ea2a0c7546aa3408fe2f94887fe4,89,244826,0.00845,https://api.spotify.com/v1/audio-analysis/2x0WlnmfG39ZuDmstl9xfX,0.649,244827,0.589,2x0WlnmfG39ZuDmstl9xfX,0,2,0.108,-6.237,1,0.0558,159.073,4,https://api.spotify.com/v1/tracks/2x0WlnmfG39ZuDmstl9xfX,audio_features,spotify:track:2x0WlnmfG39ZuDmstl9xfX,0.151,864,253,76,11/10/17,2017,2x0WlnmfG39ZuDmstl9xfX,End Game,End Game
https://i.scdn.co/image/ae2edb70f5e67fc5f7f8f92b2b0f3e846699b447,Taylor Swift,16393231,https://i.scdn.co/image/33bc9128ad82f7d39847b6db6a49d5416502e7e7,https://i.scdn.co/image/cec43c2fb746ea2a0c7546aa3408fe2f94887fe4,89,211853,0.204,https://api.spotify.com/v1/audio-analysis/1P17dC1amhFzptugyAO7Il,0.766,211853,0.709,1P17dC1amhFzptugyAO7Il,1.41E-05,9,0.126,-6.471,0,0.123,128.07,4,https://api.spotify.com/v1/tracks/1P17dC1amhFzptugyAO7Il,audio_features,spotify:track:1P17dC1amhFzptugyAO7Il,0.506,636,134,79,11/10/17,2017,1P17dC1amhFzptugyAO7Il,Look What You Made Me Do,Look What You Made Me Do
https://i.scdn.co/image/f1bed2a50aea28b91592c2f26a1c84311a96d152,Selena Gomez,12449729,https://i.scdn.co/image/e43762cfe18b294496158601b1ed18f3fee1158d,https://i.scdn.co/image/07ddb6297cd68710190d0d6956ed32264c713e03,91,207904,0.0945,https://api.spotify.com/v1/audio-analysis/4hQ6UGyWQIGJmHSo0J88JW,0.601,207905,0.724,4hQ6UGyWQIGJmHSo0J88JW,1.68E-06,6,0.12,-4.856,1,0.0486,102.061,4,https://api.spotify.com/v1/tracks/4hQ6UGyWQIGJmHSo0J88JW,audio_features,spotify:track:4hQ6UGyWQIGJmHSo0J88JW,0.508,13871,5251,85,5/10/18,2018,4hQ6UGyWQIGJmHSo0J88JW,Back To You,Back To You - From 13 Reasons Why – Season 2 Soundtrack
https://i.scdn.co/image/6d27b4ab01b5f52ad8a4ed1b56422c6c7f71fcf2,Ed Sheeran,36400307,https://i.scdn.co/image/f39b705ba6b1070c77bce4e9c21dff5bac96f21c,https://i.scdn.co/image/e21f791b600f04f9dd8ad2b6d9b3304a82e048ca,93,259550,0.779,https://api.spotify.com/v1/audio-analysis/1bhUWB0zJMIKr9yVPrkEuI,0.587,259550,0.299,1bhUWB0zJMIKr9yVPrkEuI,0,8,0.123,-7.365,1,0.0263,94.992,3,https://api.spotify.com/v1/tracks/1bhUWB0zJMIKr9yVPrkEuI,audio_features,spotify:track:1bhUWB0zJMIKr9yVPrkEuI,0.356,374,153,83,11/30/17,2017,1bhUWB0zJMIKr9yVPrkEuI,Perfect Duet,Perfect Duet (Ed Sheeran & Beyoncé)
https://i.scdn.co/image/05cf2f8b56e595bcbf50fccb894f5fb6c2427750,Kanye West,8798291,https://i.scdn.co/image/e36258fefdac3bef70bbfa6eca6cb5ecf9f22cea,https://i.scdn.co/image/42119cbcb4d694e7f0fe4a6d684fbc63902a916d,92,145506,0.123,https://api.spotify.com/v1/audio-analysis/3U21A07gAloCc4P7J8rxcn,0.925,145507,0.31,3U21A07gAloCc4P7J8rxcn,0,11,0.0931,-6.531,0,0.291,121.927,4,https://api.spotify.com/v1/tracks/3U21A07gAloCc4P7J8rxcn,audio_features,spotify:track:3U21A07gAloCc4P7J8rxcn,0.291,498,194,74,6/1/18,2018,3U21A07gAloCc4P7J8rxcn,All Mine,All Mine
https://i.scdn.co/image/6551a8020903d95cb2ed59c4b794eb3d077458fa,Kenny Chesney,2185828,https://i.scdn.co/image/34ca95b359af97ca756c972559d6264ebaceebac,https://i.scdn.co/image/a8e5e96d81dea16b8913dd64b163505452bf8c2a,75,199626,0.0997,https://api.spotify.com/v1/audio-analysis/2ZFrEp20VO25BXYhMxh0GW,0.602,199627,0.805,2ZFrEp20VO25BXYhMxh0GW,0,7,0.172,-6.079,1,0.0473,92.401,4,https://api.spotify.com/v1/tracks/2ZFrEp20VO25BXYhMxh0GW,audio_features,spotify:track:2ZFrEp20VO25BXYhMxh0GW,0.322,366,128,69,4/6/18,2018,2ZFrEp20VO25BXYhMxh0GW,Get Along,Get Along
https://i.scdn.co/image/93f18e6d004105e67704776e3eb7a910777c58db,Dan + Shay,622984,https://i.scdn.co/image/beab9f3f0ff2aff939a922e34450289172e41c67,https://i.scdn.co/image/11b8db84cf4ac0cae5d4e9596db70ac8c82cfcae,78,195986,0.0292,https://api.spotify.com/v1/audio-analysis/7Il2yWQmsqKgSkLQvHTPUI,0.474,195987,0.594,7Il2yWQmsqKgSkLQvHTPUI,0,11,0.133,-5.756,1,0.0289,86.131,4,https://api.spotify.com/v1/tracks/7Il2yWQmsqKgSkLQvHTPUI,audio_features,spotify:track:7Il2yWQmsqKgSkLQvHTPUI,0.503,329,105,77,1/10/18,2018,7Il2yWQmsqKgSkLQvHTPUI,Tequila,Tequila
https://i.scdn.co/image/9ce966181dc62801ff44ac89f8c9c1921ab9302f,Maroon 5,14450105,https://i.scdn.co/image/34760086fe6f4e6f8121fe00aa4901ace216b268,https://i.scdn.co/image/a6b50b62941f169aea7a48039a509f643c8c69e3,90,190642,0.0959,https://api.spotify.com/v1/audio-analysis/6AvfZXpbb6r35DfF7gHPRq,0.655,190643,0.603,6AvfZXpbb6r35DfF7gHPRq,0,8,0.107,-5.014,1,0.0555,126.088,4,https://api.spotify.com/v1/tracks/6AvfZXpbb6r35DfF7gHPRq,audio_features,spotify:track:6AvfZXpbb6r35DfF7gHPRq,0.452,473,110,71,6/15/18,2018,6AvfZXpbb6r35DfF7gHPRq,Wait,Wait
https://i.scdn.co/image/05cf2f8b56e595bcbf50fccb894f5fb6c2427750,Kanye West,8798292,https://i.scdn.co/image/e36258fefdac3bef70bbfa6eca6cb5ecf9f22cea,https://i.scdn.co/image/42119cbcb4d694e7f0fe4a6d684fbc63902a916d,92,274186,0.867,https://api.spotify.com/v1/audio-analysis/0yhxBvedRdGxsPZHJNI4VA,0.752,274187,0.396,0yhxBvedRdGxsPZHJNI4VA,0,2,0.0486,-7.932,1,0.411,116.016,4,https://api.spotify.com/v1/tracks/0yhxBvedRdGxsPZHJNI4VA,audio_features,spotify:track:0yhxBvedRdGxsPZHJNI4VA,0.417,699,265,62,6/1/18,2018,0yhxBvedRdGxsPZHJNI4VA,I Thought About Killing You,I Thought About Killing You
https://i.scdn.co/image/05cf2f8b56e595bcbf50fccb894f5fb6c2427750,Kanye West,8798294,https://i.scdn.co/image/e36258fefdac3bef70bbfa6eca6cb5ecf9f22cea,https://i.scdn.co/image/42119cbcb4d694e7f0fe4a6d684fbc63902a916d,92,123040,0.0393,https://api.spotify.com/v1/audio-analysis/35KV2Nuib6jPMVN00O8iba,0.643,123040,0.646,35KV2Nuib6jPMVN00O8iba,0,10,0.109,-2.442,0,0.0629,80.174,4,https://api.spotify.com/v1/tracks/35KV2Nuib6jPMVN00O8iba,audio_features,spotify:track:35KV2Nuib6jPMVN00O8iba,0.35,347,135,62,6/1/18,2018,35KV2Nuib6jPMVN00O8iba,No Mistakes,No Mistakes
https://i.scdn.co/image/142eccafbd4305f6d4325832076527f8d50d50ef,Post Malone,8894702,https://i.scdn.co/image/d6e77d06a98dae03be57cff1e3e0980ba66b24a9,https://i.scdn.co/image/c7384d9a531d912fa413c6cc5b6f755824881b2c,96,227533,0.627,https://api.spotify.com/v1/audio-analysis/32lItqlMi4LBhb4k0BaSaC,0.67,227533,0.654,32lItqlMi4LBhb4k0BaSaC,1.02E-06,4,0.071,-5.944,1,0.153,180.024,4,https://api.spotify.com/v1/tracks/32lItqlMi4LBhb4k0BaSaC,audio_features,spotify:track:32lItqlMi4LBhb4k0BaSaC,0.438,756,199,82,4/27/18,2018,32lItqlMi4LBhb4k0BaSaC,Candy Paint,Candy Paint
https://i.scdn.co/image/12d81cd3b4920c9aae5b3e1d244850fceb5a647f,J. Cole,6799709,https://i.scdn.co/image/6c27976d222131de69da808b86c19c78859c1be0,https://i.scdn.co/image/df0424ed9e3fd02f3c5a98dedd4307adb3df4eb3,88,315771,0.19,https://api.spotify.com/v1/audio-analysis/5sWbwccBcyHsg5LEKWGZo9,0.675,315771,0.567,5sWbwccBcyHsg5LEKWGZo9,1.77E-06,10,0.175,-9.147,0,0.263,84.039,4,https://api.spotify.com/v1/tracks/5sWbwccBcyHsg5LEKWGZo9,audio_features,spotify:track:5sWbwccBcyHsg5LEKWGZo9,0.658,960,382,66,4/20/18,2018,5sWbwccBcyHsg5LEKWGZo9,Brackets,BRACKETS
https://i.scdn.co/image/12d81cd3b4920c9aae5b3e1d244850fceb5a647f,J. Cole,6799709,https://i.scdn.co/image/6c27976d222131de69da808b86c19c78859c1be0,https://i.scdn.co/image/df0424ed9e3fd02f3c5a98dedd4307adb3df4eb3,88,197821,0.626,https://api.spotify.com/v1/audio-analysis/0Px86mRlxdB3YqpK6KXWlr,0.548,197822,0.472,0Px86mRlxdB3YqpK6KXWlr,0,8,0.119,-8.343,1,0.477,82.36,4,https://api.spotify.com/v1/tracks/0Px86mRlxdB3YqpK6KXWlr,audio_features,spotify:track:0Px86mRlxdB3YqpK6KXWlr,0.138,584,290,64,4/20/18,2018,0Px86mRlxdB3YqpK6KXWlr,Once An Addict (Interlude),Once an Addict - Interlude
https://i.scdn.co/image/12d81cd3b4920c9aae5b3e1d244850fceb5a647f,J. Cole,6799709,https://i.scdn.co/image/6c27976d222131de69da808b86c19c78859c1be0,https://i.scdn.co/image/df0424ed9e3fd02f3c5a98dedd4307adb3df4eb3,88,286729,0.0607,https://api.spotify.com/v1/audio-analysis/5Lgqu1th1KqlG97OF2gWGe,0.72,286730,0.626,5Lgqu1th1KqlG97OF2gWGe,0,8,0.0728,-9.351,1,0.397,75.032,4,https://api.spotify.com/v1/tracks/5Lgqu1th1KqlG97OF2gWGe,audio_features,spotify:track:5Lgqu1th1KqlG97OF2gWGe,0.182,907,332,67,4/20/18,2018,5Lgqu1th1KqlG97OF2gWGe,Window Pain (Outro),Window Pain - Outro
https://i.scdn.co/image/ab931dcab6995474e2f4835c09e4457eaf0d85e8,Charlie Puth,5814338,https://i.scdn.co/image/8f52b60917a1ca706ab676970259f6504fcb7b2c,https://i.scdn.co/image/b2a440211104532feac76903bb8806bced248510,84,200853,0.211,https://api.spotify.com/v1/audio-analysis/6wmAHw1szh5RCKSRjiXhPe,0.845,200853,0.561,6wmAHw1szh5RCKSRjiXhPe,3.49E-06,1,0.0383,-5.253,0,0.0778,109.974,4,https://api.spotify.com/v1/tracks/6wmAHw1szh5RCKSRjiXhPe,audio_features,spotify:track:6wmAHw1szh5RCKSRjiXhPe,0.811,463,122,78,5/11/18,2018,6wmAHw1szh5RCKSRjiXhPe,How Long,How Long
https://i.scdn.co/image/ab931dcab6995474e2f4835c09e4457eaf0d85e8,Charlie Puth,5814341,https://i.scdn.co/image/8f52b60917a1ca706ab676970259f6504fcb7b2c,https://i.scdn.co/image/b2a440211104532feac76903bb8806bced248510,84,208786,0.109,https://api.spotify.com/v1/audio-analysis/5cF0dROlMOK5uNZtivgu50,0.775,208787,0.613,5cF0dROlMOK5uNZtivgu50,2.33E-05,3,0.134,-4.586,0,0.0542,100.066,4,https://api.spotify.com/v1/tracks/5cF0dROlMOK5uNZtivgu50,audio_features,spotify:track:5cF0dROlMOK5uNZtivgu50,0.797,649,125,82,5/11/18,2018,5cF0dROlMOK5uNZtivgu50,Attention,Attention