album_url,artist,artist_followers,artist_image_url_l,artist_image_url_s,artist_popularity,duration_ms,features.acousticness,features.analysis_url,features.danceability,features.duration_ms,features.energy,features.id,features.instrumentalness,features.key,features.liveness,features.loudness,features.mode,features.speechiness,features.tempo,features.time_signature,features.track_href,features.type,features.uri,features.valence,lyric_total_word_count,lyric_unique_word_count,popularity,release_date,release_year,song_id,song_name,track,win/loss
https://i.scdn.co/image/bf41f93f8c895eff007b88bd2e23e12dfe078792,Bruno Mars,18302204,https://i.scdn.co/image/5461dcbb3f23e1df62d85c8273fc49cc4edd49d5,https://i.scdn.co/image/63cad86cb183568085a4e5f0be86aa187cc511e4,90,225983,0.034,https://api.spotify.com/v1/audio-analysis/6b8Be6ljOzmkOmFslEb23P,0.818,225983,0.803,6b8Be6ljOzmkOmFslEb23P,0.0,1,0.153,-4.282,1,0.0797,106.97,4,https://api.spotify.com/v1/tracks/6b8Be6ljOzmkOmFslEb23P,audio_features,spotify:track:6b8Be6ljOzmkOmFslEb23P,0.632,549,201,79,2016-11-17,2016,6b8Be6ljOzmkOmFslEb23P,24K Magic,24K Magic,1
https://i.scdn.co/image/c5590d3d360a2c278d5cabb6eaa7b0a9e6bae421,Kelly Clarkson,4160154,https://i.scdn.co/image/5e225f06cf4f2c02262c0fa4b10886824c9b3890,https://i.scdn.co/image/9c93bbf952dff60df8a71a761e55c370ab96daf5,80,172426,0.0053,https://api.spotify.com/v1/audio-analysis/16QN8cBubEq706vNtPpOME,0.808,172427,0.581,16QN8cBubEq706vNtPpOME,1.19e-05,11,0.0828,-5.43,1,0.07,130.012,4,https://api.spotify.com/v1/tracks/16QN8cBubEq706vNtPpOME,audio_features,spotify:track:16QN8cBubEq706vNtPpOME,0.758,521,127,66,2017-10-27,2017,16QN8cBubEq706vNtPpOME,Love So Soft,Love So Soft,1
https://i.scdn.co/image/909be9469ed835c9a8b0398cd58d428a391cfdf9,Luis Fonsi,4358667,https://i.scdn.co/image/e0b5345bcaeb68a89777c0cd589a7b55a8ab56d4,https://i.scdn.co/image/69c7b65c3a597dc76fc392deef481e9d41daf653,85,228826,0.228,https://api.spotify.com/v1/audio-analysis/6rPO02ozF3bM7NnOV4h6s2,0.653,228827,0.816,6rPO02ozF3bM7NnOV4h6s2,0.0,2,0.0967,-4.353,1,0.167,178.086,4,https://api.spotify.com/v1/tracks/6rPO02ozF3bM7NnOV4h6s2,audio_features,spotify:track:6rPO02ozF3bM7NnOV4h6s2,0.816,663,277,80,2017-04-17,2017,6rPO02ozF3bM7NnOV4h6s2,Despacito (Remix),Despacito - Remix,1
https://i.scdn.co/image/4988546859334f9a5a3fa4acedc5aea275929026,Kendrick Lamar,11310761,https://i.scdn.co/image/b772a78d4cb192268d6f601a78f21044c17d6dda,https://i.scdn.co/image/5259c0496329b3f608a1ae0edb799cd2f8451acc,91,177000,0.000282,https://api.spotify.com/v1/audio-analysis/7KXjTSCq5nL1LoYtL7XAwS,0.908,177000,0.621,7KXjTSCq5nL1LoYtL7XAwS,5.39e-05,1,0.0958,-6.638,0,0.102,150.011,4,https://api.spotify.com/v1/tracks/7KXjTSCq5nL1LoYtL7XAwS,audio_features,spotify:track:7KXjTSCq5nL1LoYtL7XAwS,0.421,827,221,84,2017-04-14,2017,7KXjTSCq5nL1LoYtL7XAwS,Humble,HUMBLE.,1
https://i.scdn.co/image/0623e4c3a9a49f50c07b89f02b7f303c78b4c6ab,Lorde,3859718,https://i.scdn.co/image/2f22ea3ea1597887d86441a030204dac49a74a81,https://i.scdn.co/image/ca2e7772dcdfd03401cdd0c66aeee1bea8ea3904,79,234652,0.0209,https://api.spotify.com/v1/audio-analysis/6ie2Bw3xLj2JcGowOlcMhb,0.594,234653,0.721,6ie2Bw3xLj2JcGowOlcMhb,8.55e-06,2,0.0879,-7.812,1,0.0957,128.942,4,https://api.spotify.com/v1/tracks/6ie2Bw3xLj2JcGowOlcMhb,audio_features,spotify:track:6ie2Bw3xLj2JcGowOlcMhb,0.253,528,117,74,2017-06-16,2017,6ie2Bw3xLj2JcGowOlcMhb,Green Light,Green Light,1
https://i.scdn.co/image/49c99505c9dd13fb27b6bc82dfa69d0fe58f0193,Childish Gambino,4096702,https://i.scdn.co/image/5f0bb754710ffd901940dcfa375ca4129b3db996,https://i.scdn.co/image/b51d5cb42b166784f4e1e1e2ef8e87e0135f0f9e,82,326933,0.172,https://api.spotify.com/v1/audio-analysis/3kxfsdsCpFgN412fpnW85Y,0.745,326933,0.356,3kxfsdsCpFgN412fpnW85Y,0.00943,1,0.123,-10.425,1,0.0941,160.033,4,https://api.spotify.com/v1/tracks/3kxfsdsCpFgN412fpnW85Y,audio_features,spotify:track:3kxfsdsCpFgN412fpnW85Y,0.607,356,118,81,2016-12-02,2016,3kxfsdsCpFgN412fpnW85Y,Redbone,Redbone,1
https://i.scdn.co/image/ba596dc33258b25898d7a5eeb71a4235c6ca78ec,Wiz Kid the Weirdo,54,https://i.scdn.co/image/36775825fd97dda3c1ec90dc6fca5dc147941624,https://i.scdn.co/image/7f1012e90166e09339d223c740b21fc47aeae34d,19,208195,0.489,https://api.spotify.com/v1/audio-analysis/7AOBguNeBLIQqGwCMx4eht,0.599,208196,0.677,7AOBguNeBLIQqGwCMx4eht,0.0,11,0.152,-7.485,1,0.396,78.243,4,https://api.spotify.com/v1/tracks/7AOBguNeBLIQqGwCMx4eht,audio_features,spotify:track:7AOBguNeBLIQqGwCMx4eht,0.639,21679,5414,31,2017-12-22,2017,7AOBguNeBLIQqGwCMx4eht,The Story Of O.J.,Story of O.J,1
https://i.scdn.co/image/37aeea14e41e3dc022fce3c07ee99645df02d10d,YG,1419529,https://i.scdn.co/image/447746dc00637fe15c2c2e3f5bc9c2f9a6e9a93d,https://i.scdn.co/image/3a88e0a8eb87b98b1e9fe6c80bc6cc6364fd5364,83,237240,0.00552,https://api.spotify.com/v1/audio-analysis/0ZNrc4kNeQYD9koZ3KvCsy,0.745,237240,0.346,0ZNrc4kNeQYD9koZ3KvCsy,0.0,1,0.0881,-7.709,1,0.331,203.911,4,https://api.spotify.com/v1/tracks/0ZNrc4kNeQYD9koZ3KvCsy,audio_features,spotify:track:0ZNrc4kNeQYD9koZ3KvCsy,0.112,551,364,85,2018-08-03,2018,0ZNrc4kNeQYD9koZ3KvCsy,Stay,"BIG BANK (feat. 2 Chainz, Big Sean, Nicki Minaj)",1
https://i.scdn.co/image/01c84f9161286cc182cdc4abc4810560336d2966,Lady Gaga,6056659,https://i.scdn.co/image/4fb4cec0ed27f5e933f3ca8e8e2410b0b3b52623,https://i.scdn.co/image/ab1f49b3c51613a517e01eae5173fde2b3fdabaa,92,205280,0.437,https://api.spotify.com/v1/audio-analysis/7dZ1Odmx9jWIweQSatnRqo,0.665,205280,0.424,7dZ1Odmx9jWIweQSatnRqo,0.0,0,0.107,-7.838,1,0.0444,129.911,4,https://api.spotify.com/v1/tracks/7dZ1Odmx9jWIweQSatnRqo,audio_features,spotify:track:7dZ1Odmx9jWIweQSatnRqo,0.134,438,122,80,2016-10-21,2016,7dZ1Odmx9jWIweQSatnRqo,Million Reasons,Million Reasons,1
https://i.scdn.co/image/5232b1dcb43188537b7f9f1e77cad1f9a38870d1,Imagine Dragons,14305824,https://i.scdn.co/image/1cdf5ce3cf329ae433bfa76e88dadeb06653fda9,https://i.scdn.co/image/ff8d83627cb2a80d4c1fa36fd80a193ca34b7a50,94,187146,0.00671,https://api.spotify.com/v1/audio-analysis/1zB4vmk8tFRmM9UULNzbLB,0.605,187147,0.822,1zB4vmk8tFRmM9UULNzbLB,0.134,0,0.147,-4.833,1,0.0438,167.997,4,https://api.spotify.com/v1/tracks/1zB4vmk8tFRmM9UULNzbLB,audio_features,spotify:track:1zB4vmk8tFRmM9UULNzbLB,0.288,231,87,87,2017-06-23,2017,1zB4vmk8tFRmM9UULNzbLB,Thunder,Thunder,1
https://i.scdn.co/image/7eebbc8e776e287b400d7ef6efec97b9f90aa3ea,Portugal. The Man,813635,https://i.scdn.co/image/aafcc4b7f32d1bea28960093dc36ee48a9c5b4aa,https://i.scdn.co/image/8c772785bd23414ce72eaa21c9da1aa6cc04d2f9,76,163253,0.0417,https://api.spotify.com/v1/audio-analysis/6QgjcU0zLnzq5OrUoSZ3OK,0.801,163253,0.795,6QgjcU0zLnzq5OrUoSZ3OK,0.000113,1,0.0717,-5.115,0,0.0504,79.028,4,https://api.spotify.com/v1/tracks/6QgjcU0zLnzq5OrUoSZ3OK,audio_features,spotify:track:6QgjcU0zLnzq5OrUoSZ3OK,0.754,425,128,82,2017-06-16,2017,6QgjcU0zLnzq5OrUoSZ3OK,Feel It Still,Feel It Still,1
https://i.scdn.co/image/df3b17e748de56e4ce78ac29b216d3f99afd0c5a,The Chainsmokers,9797542,https://i.scdn.co/image/065a5878859d6cda6a8439a3f9b28bacaa12cf1b,https://i.scdn.co/image/fa73dfb670a0f2df4dbd25b0ff2a9d84179fd414,89,247160,0.0498,https://api.spotify.com/v1/audio-analysis/6RUKPb4LETWmmr3iAEQktW,0.617,247160,0.635,6RUKPb4LETWmmr3iAEQktW,1.44e-05,11,0.164,-6.769,0,0.0317,103.019,4,https://api.spotify.com/v1/tracks/6RUKPb4LETWmmr3iAEQktW,audio_features,spotify:track:6RUKPb4LETWmmr3iAEQktW,0.446,357,98,81,2017-04-07,2017,6RUKPb4LETWmmr3iAEQktW,Something Just Like This,Something Just Like This,1
https://i.scdn.co/image/8b5da3836c506525367980ed412451ec08feef68,P!nk,5318580,https://i.scdn.co/image/55019ce117b4ddb39caf51e589df6675905fd1b5,https://i.scdn.co/image/0bbf030d5fbc44787fa641733e810cd1b928c230,83,269600,0.0285,https://api.spotify.com/v1/audio-analysis/0Qh38w01QRXK6KHIv0e3hb,0.489,269600,0.588,0Qh38w01QRXK6KHIv0e3hb,2.11e-06,1,0.0906,-6.177,1,0.0507,113.617,4,https://api.spotify.com/v1/tracks/0Qh38w01QRXK6KHIv0e3hb,audio_features,spotify:track:0Qh38w01QRXK6KHIv0e3hb,0.187,357,107,78,2017-10-13,2017,0Qh38w01QRXK6KHIv0e3hb,What About Us,What About Us,1
https://i.scdn.co/image/a7b888c971fa49f0b2f211f844c4467ce94431b0,Logic,3111167,https://i.scdn.co/image/9935c77a1d9ec285adb620a51f63e6611957879e,https://i.scdn.co/image/0caa5d73bd4ffa679036cf701507adc4d363478d,87,250173,0.57,https://api.spotify.com/v1/audio-analysis/5tz69p7tJuGPeMGwNTxYuV,0.62,250173,0.574,5tz69p7tJuGPeMGwNTxYuV,0.0,5,0.19,-7.788,0,0.0479,100.021,4,https://api.spotify.com/v1/tracks/5tz69p7tJuGPeMGwNTxYuV,audio_features,spotify:track:5tz69p7tJuGPeMGwNTxYuV,0.352,2664,890,83,2017-05-05,2017,5tz69p7tJuGPeMGwNTxYuV,1-800-273-8255,1-800-273-8255,1
https://i.scdn.co/image/918b3f1c5667abdf94997fde4e8932f835fefa53,Julia Michaels,1187786,https://i.scdn.co/image/c01cd60159cad64b21269a957826390c671f1884,https://i.scdn.co/image/f003de2eb317f8fd83208199da984811101c22d2,84,176320,0.401,https://api.spotify.com/v1/audio-analysis/7vu0JkJh0ldukEYbTVcqd0,0.728,176320,0.415,7vu0JkJh0ldukEYbTVcqd0,0.0,8,0.0616,-6.852,1,0.0639,114.145,4,https://api.spotify.com/v1/tracks/7vu0JkJh0ldukEYbTVcqd0,audio_features,spotify:track:7vu0JkJh0ldukEYbTVcqd0,0.455,466,104,74,2017-07-28,2017,7vu0JkJh0ldukEYbTVcqd0,Issues,Issues,1
https://i.scdn.co/image/1616a00abdea39b7098b91d1ab5ae5edcd47e52b,Kesha,4079136,https://i.scdn.co/image/9dd18153f9a06fbdd64f1b22feae56c3e7d7ac6a,https://i.scdn.co/image/6ba965bd4036affa8ae9264a9d1f2574f193532b,79,230266,0.491,https://api.spotify.com/v1/audio-analysis/0jdny0dhgjUwoIp5GkqEaA,0.576,230267,0.39,0jdny0dhgjUwoIp5GkqEaA,0.0,10,0.111,-7.202,1,0.0297,73.433,4,https://api.spotify.com/v1/tracks/0jdny0dhgjUwoIp5GkqEaA,audio_features,spotify:track:0jdny0dhgjUwoIp5GkqEaA,0.319,348,135,74,2017-08-11,2017,0jdny0dhgjUwoIp5GkqEaA,Praying,Praying,1
https://i.scdn.co/image/28ab200bc2d50883e27d193039324c37e2500de8,Chris Stapleton,1100055,https://i.scdn.co/image/c5e9dad1b62d610815fa41d86c59efcbb36509e5,https://i.scdn.co/image/1e1729c6285686e56dbaf7dafceff95246c37c51,77,180906,0.133,https://api.spotify.com/v1/audio-analysis/06gD2ZtK3Dzc1BYqWExQJJ,0.607,180907,0.575,06gD2ZtK3Dzc1BYqWExQJJ,2.52e-06,8,0.0566,-7.066,1,0.0252,78.341,4,https://api.spotify.com/v1/tracks/06gD2ZtK3Dzc1BYqWExQJJ,audio_features,spotify:track:06gD2ZtK3Dzc1BYqWExQJJ,0.504,179,64,71,2017-05-05,2017,06gD2ZtK3Dzc1BYqWExQJJ,Broken Halos,Broken Halos,1
https://i.scdn.co/image/8b77475d0e07b43773f8b62a8f19a4bf80b34de8,Little Big Town,1246888,https://i.scdn.co/image/65d9abcceaafd4f91bce1ff81a154dda895df5b2,https://i.scdn.co/image/f50d46c4d6d924b443ad9c965155df9d491bd0e2,66,260933,0.108,https://api.spotify.com/v1/audio-analysis/0jMikeoKkkSOby4ofddqYs,0.521,260933,0.77,0jMikeoKkkSOby4ofddqYs,1.58e-05,5,0.231,-4.266,1,0.0374,143.948,4,https://api.spotify.com/v1/tracks/0jMikeoKkkSOby4ofddqYs,audio_features,spotify:track:0jMikeoKkkSOby4ofddqYs,0.468,459,144,61,2016-10-20,2016,0jMikeoKkkSOby4ofddqYs,Better Man,Better Man,1
https://i.scdn.co/image/1090f87e1e23cfcafd5a4b513e3fa08f63862c3d,Thomas Rhett,2244229,https://i.scdn.co/image/e36feb919242453d6e178d26ba15938031bc0572,https://i.scdn.co/image/fcd9098a39d5474047ae7f70fabeb4abe4e9ec2a,78,223626,0.000899,https://api.spotify.com/v1/audio-analysis/2d48mamATjby7wgPjdrSOQ,0.607,223627,0.841,2d48mamATjby7wgPjdrSOQ,0.0,9,0.34,-3.772,0,0.0371,104.978,4,https://api.spotify.com/v1/tracks/2d48mamATjby7wgPjdrSOQ,audio_features,spotify:track:2d48mamATjby7wgPjdrSOQ,0.505,425,112,69,2017-09-08,2017,2d48mamATjby7wgPjdrSOQ,Craving You,Craving You,1
https://i.scdn.co/image/dac6d83ffab82da75bfbd520a31705650586eed2,Lady Antebellum,2251090,https://i.scdn.co/image/0ef98b4b159c5e505fa755378ce956835fe81f02,https://i.scdn.co/image/6d2e26bc205ed4585c8136fd2b7752c3f3c082a8,71,181000,0.0338,https://api.spotify.com/v1/audio-analysis/1dFLowBW25EaL2OC7eKEa2,0.653,181000,0.911,1dFLowBW25EaL2OC7eKEa2,0.000659,0,0.081,-4.635,1,0.0439,152.043,4,https://api.spotify.com/v1/tracks/1dFLowBW25EaL2OC7eKEa2,audio_features,spotify:track:1dFLowBW25EaL2OC7eKEa2,0.942,428,124,60,2017-06-09,2017,1dFLowBW25EaL2OC7eKEa2,You Look Good,You Look Good,1
https://i.scdn.co/image/de947dc9d880bb26819f1a2bd595c606fb10cee8,Kenny Chesney,2184738,https://i.scdn.co/image/34ca95b359af97ca756c972559d6264ebaceebac,https://i.scdn.co/image/a8e5e96d81dea16b8913dd64b163505452bf8c2a,75,212893,0.00916,https://api.spotify.com/v1/audio-analysis/66pxmg3Jhjm09tHoWR1wVR,0.612,212893,0.848,66pxmg3Jhjm09tHoWR1wVR,0.0,6,0.366,-3.736,1,0.0368,120.996,4,https://api.spotify.com/v1/tracks/66pxmg3Jhjm09tHoWR1wVR,audio_features,spotify:track:66pxmg3Jhjm09tHoWR1wVR,0.719,363,111,67,2017-04-28,2017,66pxmg3Jhjm09tHoWR1wVR,All the Pretty Girls,All the Pretty Girls,1
https://i.scdn.co/image/e62f34a59d2b2140a7ae561bd2e09e89419295ff,Roadtrip,49361,https://i.scdn.co/image/148020d7eb7696da76c61302ea8eb413dc5d5e15,https://i.scdn.co/image/a23ec6c7d576c88e2041158d01839eaa6c834867,47,221688,0.346,https://api.spotify.com/v1/audio-analysis/0W2BbMWtcElQhaROLbzXTU,0.635,221688,0.459,0W2BbMWtcElQhaROLbzXTU,0.0,11,0.111,-7.932,1,0.0346,130.036,4,https://api.spotify.com/v1/tracks/0W2BbMWtcElQhaROLbzXTU,audio_features,spotify:track:0W2BbMWtcElQhaROLbzXTU,0.365,374,124,42,2017-04-13,2017,0W2BbMWtcElQhaROLbzXTU,Don't Hurt Yourself,Don't Hurt Yourself,1
https://i.scdn.co/image/52fc1b3b08807194b87cd7e4fd68f5118d991e44,Twenty One Pilots,10656567,https://i.scdn.co/image/f550532cbacaf6b0ff00339e5ae7e408c51ec969,https://i.scdn.co/image/a7874e7d94d92b71b8c39d41eb674b4dc66f5941,89,202333,0.0462,https://api.spotify.com/v1/audio-analysis/3CRDbSIZ4r5MsZ0YwxuEkn,0.734,202333,0.637,3CRDbSIZ4r5MsZ0YwxuEkn,2.29e-05,4,0.0602,-5.677,0,0.141,169.977,4,https://api.spotify.com/v1/tracks/3CRDbSIZ4r5MsZ0YwxuEkn,audio_features,spotify:track:3CRDbSIZ4r5MsZ0YwxuEkn,0.648,604,164,82,2015-05-15,2015,3CRDbSIZ4r5MsZ0YwxuEkn,Stressed Out,Stressed Out,1
https://i.scdn.co/image/ef96f4e6be04b4b8bde0861bd3d6b54f6c39408b,Sia,9204597,https://i.scdn.co/image/dd3e336d456172bbda56b543c5389e1490903a30,https://i.scdn.co/image/a82822ab211cbe28a0a1dbcb16902a1a8a2ea791,90,211666,0.0472,https://api.spotify.com/v1/audio-analysis/3S4px9f4lceWdKf0gWciFu,0.628,211667,0.698,3S4px9f4lceWdKf0gWciFu,0.00143,6,0.0907,-5.608,0,0.105,89.976,4,https://api.spotify.com/v1/tracks/3S4px9f4lceWdKf0gWciFu,audio_features,spotify:track:3S4px9f4lceWdKf0gWciFu,0.732,445,74,73,2016-10-21,2016,3S4px9f4lceWdKf0gWciFu,Cheap Thrills,Cheap Thrills,1
https://i.scdn.co/image/e73c706e842eb5233eab7afd3404218a2696d568,Drake,29654872,https://i.scdn.co/image/ad10179d5f27ba77c7d6c95abd6e26f6a227e0d5,https://i.scdn.co/image/55e3fb26d67b4d71321440b3a440eecd9d8f20f7,100,267066,0.00302,https://api.spotify.com/v1/audio-analysis/0wwPcA6wtMf6HUMpIRdeP7,0.903,267067,0.621,0wwPcA6wtMf6HUMpIRdeP7,0.000186,2,0.0504,-8.132,1,0.0578,134.969,4,https://api.spotify.com/v1/tracks/0wwPcA6wtMf6HUMpIRdeP7,audio_features,spotify:track:0wwPcA6wtMf6HUMpIRdeP7,0.553,495,142,76,2016-05-06,2016,0wwPcA6wtMf6HUMpIRdeP7,Hotline Bling,Hotline Bling,1
https://i.scdn.co/image/602102500b9cebde7559a5f9c16daaaef2846440,Adele,12640163,https://i.scdn.co/image/df070ad127f62d682596e515ac69d5bef56e0897,https://i.scdn.co/image/f8737f6fda048b45efe91f81c2bda2b601ae689c,85,295493,0.336,https://api.spotify.com/v1/audio-analysis/4sPmO7WMQUAf45kwMOtONw,0.481,295493,0.451,4sPmO7WMQUAf45kwMOtONw,0.0,5,0.0872,-6.095,0,0.0347,157.966,4,https://api.spotify.com/v1/tracks/4sPmO7WMQUAf45kwMOtONw,audio_features,spotify:track:4sPmO7WMQUAf45kwMOtONw,0.289,464,145,71,2016-06-24,2016,4sPmO7WMQUAf45kwMOtONw,Hello,Hello,1
https://i.scdn.co/image/8b47495ce0c4a341f7196f70bcf4361e6257c1a0,Justin Bieber,25640352,https://i.scdn.co/image/ca283ddea2afc65c15d802d45ee3d3fd255ab4e2,https://i.scdn.co/image/2e451efa87b706098553583cffac821b7ebac450,90,233720,0.856,https://api.spotify.com/v1/audio-analysis/50kpGaPAhYJ3sGmk6vplg0,0.607,233720,0.376,50kpGaPAhYJ3sGmk6vplg0,0.0,4,0.285,-9.954,1,0.453,102.541,4,https://api.spotify.com/v1/tracks/50kpGaPAhYJ3sGmk6vplg0,audio_features,spotify:track:50kpGaPAhYJ3sGmk6vplg0,0.545,526,138,82,2015-11-13,2015,50kpGaPAhYJ3sGmk6vplg0,Love Yourself,Love Yourself,1
https://i.scdn.co/image/512bd22e2bc73f9883b8612daf4f23acaac3c776,The Chainsmokers,9797547,https://i.scdn.co/image/065a5878859d6cda6a8439a3f9b28bacaa12cf1b,https://i.scdn.co/image/fa73dfb670a0f2df4dbd25b0ff2a9d84179fd414,89,244960,0.414,https://api.spotify.com/v1/audio-analysis/7BKLCZ1jbUBVqRi2FVlTVw,0.748,244960,0.524,7BKLCZ1jbUBVqRi2FVlTVw,0.0,8,0.111,-5.599,1,0.0338,95.01,4,https://api.spotify.com/v1/tracks/7BKLCZ1jbUBVqRi2FVlTVw,audio_features,spotify:track:7BKLCZ1jbUBVqRi2FVlTVw,0.661,457,124,85,2016-07-29,2016,7BKLCZ1jbUBVqRi2FVlTVw,Closer,Closer,1
https://i.scdn.co/image/a480530f340d6a3f0ca1e366c5876bd9d8f8b264,Kelsea Ballerini,506747,https://i.scdn.co/image/617b6a86466d1e0341dd7ed6be9b5f153d128613,https://i.scdn.co/image/9e04e4a8ee9b8dd91514bddeea2910e01e4a4ce8,79,200040,0.0284,https://api.spotify.com/v1/audio-analysis/2wqXQjOmQ9KoBm9Ssgt4Fo,0.514,200040,0.659,2wqXQjOmQ9KoBm9Ssgt4Fo,0.0,1,0.266,-6.142,1,0.0309,76.483,4,https://api.spotify.com/v1/tracks/2wqXQjOmQ9KoBm9Ssgt4Fo,audio_features,spotify:track:2wqXQjOmQ9KoBm9Ssgt4Fo,0.463,332,106,62,2015-05-18,2015,2wqXQjOmQ9KoBm9Ssgt4Fo,Peter Pan,Peter Pan,1
https://i.scdn.co/image/e6f9064c419e9865782d68ea03bd79ee5c1cdff3,Maren Morris,263292,https://i.scdn.co/image/14fd8b2579179d5731d9d074b69d55d933336400,https://i.scdn.co/image/5610142dc96a7a93c179196f3bec598387ac1abd,77,197930,0.243,https://api.spotify.com/v1/audio-analysis/1LM5zQv5pBKPyO7rm7Uz6U,0.517,197931,0.743,1LM5zQv5pBKPyO7rm7Uz6U,3.36e-06,9,0.107,-4.336,1,0.0363,76.979,4,https://api.spotify.com/v1/tracks/1LM5zQv5pBKPyO7rm7Uz6U,audio_features,spotify:track:1LM5zQv5pBKPyO7rm7Uz6U,0.664,277,97,65,2017-03-17,2017,1LM5zQv5pBKPyO7rm7Uz6U,My Church,My Church,1
https://i.scdn.co/image/f90a0b30265942fcc5096eee7f07a95604394d47,Sturgill Simpson,234103,https://i.scdn.co/image/f75ea5bf26142c5d0ad5940a2cfffa18657f3f93,https://i.scdn.co/image/8898afe866dd37ba3163279ca040c750cb33d138,60,349266,0.00969,https://api.spotify.com/v1/audio-analysis/1cRc03E5Ps0fwe4l8fz2J0,0.616,349267,0.706,1cRc03E5Ps0fwe4l8fz2J0,0.313,0,0.111,-6.846,1,0.0233,89.998,4,https://api.spotify.com/v1/tracks/1cRc03E5Ps0fwe4l8fz2J0,audio_features,spotify:track:1cRc03E5Ps0fwe4l8fz2J0,0.655,153,84,53,2016-04-15,2016,1cRc03E5Ps0fwe4l8fz2J0,Brace for Impact (Live a Little),Brace For Impact (Live A Little),1
https://i.scdn.co/image/7be15a6592345a1935161223885ecb53d4e4d58e,Nico & Vinz,365429,https://i.scdn.co/image/606400c795b6c5df64705f195c59f549d0c71363,https://i.scdn.co/image/2f114c59574cddca1d89bf4ca9cc82e58f325548,66,247520,0.162,https://api.spotify.com/v1/audio-analysis/1fidCEsYlaVE3pHwKCvpFZ,0.725,247520,0.68,1fidCEsYlaVE3pHwKCvpFZ,2.13e-06,8,0.158,-5.465,1,0.0306,119.939,4,https://api.spotify.com/v1/tracks/1fidCEsYlaVE3pHwKCvpFZ,audio_features,spotify:track:1fidCEsYlaVE3pHwKCvpFZ,0.76,463,114,71,2014,2014,1fidCEsYlaVE3pHwKCvpFZ,Am I Wrong,Am I Wrong,1
https://i.scdn.co/image/1ca4e28b74844044054adbcffba76429fed14744,Demi Lovato,11733580,https://i.scdn.co/image/248c1b018defafe93f9394b41bfdb8110ccff536,https://i.scdn.co/image/b2e15be12453b28ff54fb7624c2920a11f8b8cfe,87,205745,0.00182,https://api.spotify.com/v1/audio-analysis/0Mn3amMRMoabaoTf1Publ4,0.606,205746,0.763,0Mn3amMRMoabaoTf1Publ4,0.000159,10,0.116,-6.197,0,0.0669,130.018,4,https://api.spotify.com/v1/tracks/0Mn3amMRMoabaoTf1Publ4,audio_features,spotify:track:0Mn3amMRMoabaoTf1Publ4,0.309,400,107,73,2015-01-01,2015,0Mn3amMRMoabaoTf1Publ4,Confident,Confident,1
https://i.scdn.co/image/7625508bdbd4f4c2a92ef996ce07948b7e2adcf7,Ariana Grande,20808908,https://i.scdn.co/image/a1063f43437d1d724a3d7d8fe51410472d88cb27,https://i.scdn.co/image/6c60edb78bf9b1c0eeb219c9fdbbc9453eceb2c6,97,235946,0.0529,https://api.spotify.com/v1/audio-analysis/7l94dyN2hX9c6wWcZQuOGJ,0.662,235947,0.602,7l94dyN2hX9c6wWcZQuOGJ,0.0,4,0.356,-5.369,0,0.0401,133.969,3,https://api.spotify.com/v1/tracks/7l94dyN2hX9c6wWcZQuOGJ,audio_features,spotify:track:7l94dyN2hX9c6wWcZQuOGJ,0.29,545,116,79,2016-05-20,2016,7l94dyN2hX9c6wWcZQuOGJ,Dangerous Woman,Dangerous Woman,1
https://i.scdn.co/image/fda456340d8bd46318fb46cb90454613fca5b598,Kelly Clarkson,4160158,https://i.scdn.co/image/5e225f06cf4f2c02262c0fa4b10886824c9b3890,https://i.scdn.co/image/9c93bbf952dff60df8a71a761e55c370ab96daf5,80,211674,0.904,https://api.spotify.com/v1/audio-analysis/0co132mIFsQP8TlydDqCSG,0.562,211675,0.252,0co132mIFsQP8TlydDqCSG,0.0,1,0.0838,-6.331,1,0.0351,109.596,4,https://api.spotify.com/v1/tracks/0co132mIFsQP8TlydDqCSG,audio_features,spotify:track:0co132mIFsQP8TlydDqCSG,0.384,339,130,57,2016-02-29,2016,0co132mIFsQP8TlydDqCSG,Piece By Piece (Idol Version),Piece by Piece - Idol Version,1
https://i.scdn.co/image/8351a630c907a985143102b9466f4d2dab27ae9e,Lukas Graham,1047454,https://i.scdn.co/image/c0f02e904a8099cdf4af1cdb4a15cb902c81a10e,https://i.scdn.co/image/54afcdf6fba9a30e28362815956a96b3cd547c55,82,237300,0.287,https://api.spotify.com/v1/audio-analysis/5kqIPrATaCc2LqxVWzQGbk,0.765,237300,0.473,5kqIPrATaCc2LqxVWzQGbk,0.0,10,0.391,-5.829,1,0.0514,119.992,4,https://api.spotify.com/v1/tracks/5kqIPrATaCc2LqxVWzQGbk,audio_features,spotify:track:5kqIPrATaCc2LqxVWzQGbk,0.34,513,185,79,2016-04-01,2016,5kqIPrATaCc2LqxVWzQGbk,7 Years,7 Years,1
https://i.scdn.co/image/bdf589913b67462ad4711e248fb745f6b0ab6dfb,Carrie Underwood,2929895,https://i.scdn.co/image/62faffbb746b291b594a8a82cdc1e720790c19bc,https://i.scdn.co/image/7726530de2db2bc5192d50a6dde5bc74f757f8c6,75,193333,0.226,https://api.spotify.com/v1/audio-analysis/67citk3uzWs5qbaIVKTeg8,0.575,193333,0.844,67citk3uzWs5qbaIVKTeg8,0.0,3,0.0538,-1.772,0,0.0633,87.007,4,https://api.spotify.com/v1/tracks/67citk3uzWs5qbaIVKTeg8,audio_features,spotify:track:67citk3uzWs5qbaIVKTeg8,0.542,378,172,64,2015-10-23,2015,67citk3uzWs5qbaIVKTeg8,Church Bells,Church Bells,1
https://i.scdn.co/image/34a4c36f6d279725be6cc9d16261964bb0be3dc7,Keith Urban,2789759,https://i.scdn.co/image/9f6764ae24c86eff6ca952005771ed721fa4005d,https://i.scdn.co/image/87b8b7de977e5f267da5311f7d3ab6d8d157c98f,75,230600,0.606,https://api.spotify.com/v1/audio-analysis/6wycnu8FWXsj68ig7BEot9,0.686,230600,0.417,6wycnu8FWXsj68ig7BEot9,1.79e-06,7,0.0844,-7.787,1,0.0363,82.407,3,https://api.spotify.com/v1/tracks/6wycnu8FWXsj68ig7BEot9,audio_features,spotify:track:6wycnu8FWXsj68ig7BEot9,0.451,358,148,69,2016-05-06,2016,6wycnu8FWXsj68ig7BEot9,Blue Ain't Your Color,Blue Ain't Your Color,1
https://i.scdn.co/image/87b6820c1eedc35bde97d413b1fdd3ecdb3fc4d3,Brandy Clark,26618,https://i.scdn.co/image/18b1c3cb184b34e79148150ea26bf6231db99774,https://i.scdn.co/image/215fe9186e8c99da5d1df858b122af0da4b4eaaa,40,237880,0.21,https://api.spotify.com/v1/audio-analysis/68bh9PGm0UQRRxUNRRnZPl,0.6,237880,0.834,68bh9PGm0UQRRxUNRRnZPl,0.000567,0,0.105,-5.262,1,0.0306,147.965,4,https://api.spotify.com/v1/tracks/68bh9PGm0UQRRxUNRRnZPl,audio_features,spotify:track:68bh9PGm0UQRRxUNRRnZPl,0.399,334,108,34,2016-06-10,2016,68bh9PGm0UQRRxUNRRnZPl,Love Can Go to Hell,Love Can Go to Hell,1
https://i.scdn.co/image/04ff24682bc24c49708307586bc30b3431aa6988,Thomas Rhett,2244229,https://i.scdn.co/image/e36feb919242453d6e178d26ba15938031bc0572,https://i.scdn.co/image/fcd9098a39d5474047ae7f70fabeb4abe4e9ec2a,78,227426,0.381,https://api.spotify.com/v1/audio-analysis/5kNe7PE09d6Kvw5pAsx23n,0.66,227427,0.383,5kNe7PE09d6Kvw5pAsx23n,0.0,2,0.119,-9.377,1,0.0304,83.096,4,https://api.spotify.com/v1/tracks/5kNe7PE09d6Kvw5pAsx23n,audio_features,spotify:track:5kNe7PE09d6Kvw5pAsx23n,0.381,369,139,73,2015-09-25,2015,5kNe7PE09d6Kvw5pAsx23n,Die a Happy Man,Die A Happy Man,1
https://i.scdn.co/image/459526962e66a3b276dbf621bf6012d25e5faf08,RKCB,44114,https://i.scdn.co/image/0bc386903a2652efa90951c70f04a8d83d2fe02d,https://i.scdn.co/image/057856b083622218f0081b7a09b2d15ee6496c3d,68,183302,0.0816,https://api.spotify.com/v1/audio-analysis/1yNola6EgzE6yd8bX779Gi,0.651,183303,0.681,1yNola6EgzE6yd8bX779Gi,0.000363,4,0.246,-6.736,0,0.18,108.893,4,https://api.spotify.com/v1/tracks/1yNola6EgzE6yd8bX779Gi,audio_features,spotify:track:1yNola6EgzE6yd8bX779Gi,0.408,250,99,64,2017-06-23,2017,1yNola6EgzE6yd8bX779Gi,Vice,Vice,1
https://i.scdn.co/image/a1fb4680b00ae0c513f90402a073900871f77e5f,Tim McGraw,2499435,https://i.scdn.co/image/182f7c7acf0f4df5e5cb8043c9afed0d4bdf581e,https://i.scdn.co/image/4305d7ba3dbfaecb828692192efb947369db4541,75,259266,0.679,https://api.spotify.com/v1/audio-analysis/4Pn0JlCUusD2QHjADuOzuV,0.355,259267,0.48,4Pn0JlCUusD2QHjADuOzuV,2.28e-06,11,0.12,-7.31,1,0.0282,100.956,3,https://api.spotify.com/v1/tracks/4Pn0JlCUusD2QHjADuOzuV,audio_features,spotify:track:4Pn0JlCUusD2QHjADuOzuV,0.137,325,133,66,2015-01-01,2015,4Pn0JlCUusD2QHjADuOzuV,Humble and Kind,Humble And Kind,1
https://i.scdn.co/image/77469465db1f618941285359fc3596601859566b,Mark Ronson,453286,https://i.scdn.co/image/d9680a04b79654c0aceb54af40acd753f1538b7f,https://i.scdn.co/image/e035785eb4e48a531d8acce06c485efd55c0a063,81,269666,0.00801,https://api.spotify.com/v1/audio-analysis/32OlwWuMpZ6b0aN2RZOeMS,0.856,269667,0.609,32OlwWuMpZ6b0aN2RZOeMS,8.15e-05,0,0.0344,-7.223,1,0.0824,114.988,4,https://api.spotify.com/v1/tracks/32OlwWuMpZ6b0aN2RZOeMS,audio_features,spotify:track:32OlwWuMpZ6b0aN2RZOeMS,0.928,638,156,80,2015-01-12,2015,32OlwWuMpZ6b0aN2RZOeMS,Uptown Funk,Uptown Funk,1
https://i.scdn.co/image/32aa1fd4f61e0e8e089ff2f95632f2463231d5b1,Taylor Swift,16379586,https://i.scdn.co/image/33bc9128ad82f7d39847b6db6a49d5416502e7e7,https://i.scdn.co/image/cec43c2fb746ea2a0c7546aa3408fe2f94887fe4,89,231826,0.085,https://api.spotify.com/v1/audio-analysis/1p80LdxRV74UKvL8gnD7ky,0.752,231827,0.678,1p80LdxRV74UKvL8gnD7ky,1.64e-06,5,0.13,-5.421,1,0.0646,96.009,4,https://api.spotify.com/v1/tracks/1p80LdxRV74UKvL8gnD7ky,audio_features,spotify:track:1p80LdxRV74UKvL8gnD7ky,0.583,620,196,69,2014-10-27,2014,1p80LdxRV74UKvL8gnD7ky,Blank Space,Blank Space,1
https://i.scdn.co/image/b9dfa7a7a3f69a3869f6fbb77041822f5a76226d,The Weeknd,13472675,https://i.scdn.co/image/6f594793615650a9a6964bd523ef6977ccaaae85,https://i.scdn.co/image/df9086189e64ad3f3dec425f53b0c5f595a787b5,90,213520,0.112,https://api.spotify.com/v1/audio-analysis/22VdIZQfgXJea34mQxlt81,0.705,213520,0.769,22VdIZQfgXJea34mQxlt81,0.0,9,0.105,-5.526,0,0.0426,107.939,4,https://api.spotify.com/v1/tracks/22VdIZQfgXJea34mQxlt81,audio_features,spotify:track:22VdIZQfgXJea34mQxlt81,0.59,473,78,79,2015-08-28,2015,22VdIZQfgXJea34mQxlt81,Can't Feel My Face,Can't Feel My Face,1
https://i.scdn.co/image/b68b39fdc2409d0f526ad48775ddcd93ff496cda,Ed Sheeran,36361110,https://i.scdn.co/image/f39b705ba6b1070c77bce4e9c21dff5bac96f21c,https://i.scdn.co/image/e21f791b600f04f9dd8ad2b6d9b3304a82e048ca,93,281560,0.474,https://api.spotify.com/v1/audio-analysis/34gCuhDGsG4bRPIf9bb02f,0.781,281560,0.445,34gCuhDGsG4bRPIf9bb02f,0.0,2,0.184,-6.061,1,0.0295,78.998,4,https://api.spotify.com/v1/tracks/34gCuhDGsG4bRPIf9bb02f,audio_features,spotify:track:34gCuhDGsG4bRPIf9bb02f,0.591,372,134,84,2014-06-21,2014,34gCuhDGsG4bRPIf9bb02f,Thinking Out Loud,Thinking Out Loud,1
https://i.scdn.co/image/63a37f32006eab70bd58c892e4098f2a84bb915e,Fall Out Boy,5541253,https://i.scdn.co/image/205dad877133b459c8d448ee938b869cfc63bb0c,https://i.scdn.co/image/90970cbcdd67b4c11b46ffd65d0b2967c3b1bbda,83,229093,0.00898,https://api.spotify.com/v1/audio-analysis/2TfSHkHiFO4gRztVIkggkE,0.499,229093,0.824,2TfSHkHiFO4gRztVIkggkE,0.0,7,0.163,-4.741,1,0.0794,161.977,4,https://api.spotify.com/v1/tracks/2TfSHkHiFO4gRztVIkggkE,audio_features,spotify:track:2TfSHkHiFO4gRztVIkggkE,0.699,518,110,77,2005-01-01,2005,2TfSHkHiFO4gRztVIkggkE,Sugar,"Sugar, We're Goin Down",1
https://i.scdn.co/image/38e16c703f610be6472e686be0d171b4c0993749,Florence + The Machine,4100758,https://i.scdn.co/image/b9e12d1aa93b01b17ce710819df65994ff8c382c,https://i.scdn.co/image/220b6d876dc81f6084204b6a885cd3a3614ccbe0,79,234526,0.00147,https://api.spotify.com/v1/audio-analysis/20NEld0MhrR4Zpgrf9brq8,0.564,234526,0.923,20NEld0MhrR4Zpgrf9brq8,0.0,9,0.277,-3.843,0,0.0325,141.991,4,https://api.spotify.com/v1/tracks/20NEld0MhrR4Zpgrf9brq8,audio_features,spotify:track:20NEld0MhrR4Zpgrf9brq8,0.587,380,119,55,2015-06-01,2015,20NEld0MhrR4Zpgrf9brq8,Ship to Wreck,Ship To Wreck,1
https://i.scdn.co/image/b93efb4f8ac43939b3f67ee0aa965411ec2a991f,Alabama Shakes,1145050,https://i.scdn.co/image/636403b45a4a5dedb85fa14ab58f3ca66d98cc91,https://i.scdn.co/image/af39853ae9a7722966ba55b1dab7c1ac166a5235,66,232530,0.235,https://api.spotify.com/v1/audio-analysis/1xmctspTzQxisNXKY6Gxf6,0.597,232530,0.915,1xmctspTzQxisNXKY6Gxf6,0.0865,10,0.106,-3.298,0,0.152,100.444,4,https://api.spotify.com/v1/tracks/1xmctspTzQxisNXKY6Gxf6,audio_features,spotify:track:1xmctspTzQxisNXKY6Gxf6,0.555,336,89,56,2015-04-21,2015,1xmctspTzQxisNXKY6Gxf6,Don't Wanna Fight,Don't Wanna Fight,1
https://i.scdn.co/image/9117727d7f7b2e4ab897aa7922b45b7866b6168c,England Dan,25823,https://i.scdn.co/image/80446ce633caedfa7bdcbcc3aeb36e2662a6378c,https://i.scdn.co/image/0f6b887f78016f1d60840fcca980d4fa254eff79,56,159106,0.184,https://api.spotify.com/v1/audio-analysis/2r008pcfVYc0zgQvSRqUJE,0.62,159107,0.556,2r008pcfVYc0zgQvSRqUJE,0.0,5,0.301,-12.044,1,0.0336,119.172,4,https://api.spotify.com/v1/tracks/2r008pcfVYc0zgQvSRqUJE,audio_features,spotify:track:2r008pcfVYc0zgQvSRqUJE,0.592,178,108,60,1976,1976,2r008pcfVYc0zgQvSRqUJE,Really Love,I'd Really Love To See You Tonight,1
https://i.scdn.co/image/294631ce16704eb6e6d63c8201bb07f43397ce69,Dean Lewis,209316,https://i.scdn.co/image/c3af8ffaa70ee1e4bcec1687755c72b147f139b4,https://i.scdn.co/image/69a32c10e17b5127f3a9b9ed39e59c0c50ed5b4a,83,196373,0.697,https://api.spotify.com/v1/audio-analysis/3EPXxR3ImUwfayaurPi3cm,0.553,196373,0.586,3EPXxR3ImUwfayaurPi3cm,0.0,11,0.0813,-6.319,1,0.0362,126.684,4,https://api.spotify.com/v1/tracks/3EPXxR3ImUwfayaurPi3cm,audio_features,spotify:track:3EPXxR3ImUwfayaurPi3cm,0.443,447,149,93,2018-06-29,2018,3EPXxR3ImUwfayaurPi3cm,Alright,Be Alright,1
https://i.scdn.co/image/54e7f96cfcd242d6e2d86d06ed9e9e99c6d12db1,Chris Stapleton,1100055,https://i.scdn.co/image/c5e9dad1b62d610815fa41d86c59efcbb36509e5,https://i.scdn.co/image/1e1729c6285686e56dbaf7dafceff95246c37c51,77,293293,0.205,https://api.spotify.com/v1/audio-analysis/3fqwjXwUGN6vbzIwvyFMhx,0.392,293293,0.37,3fqwjXwUGN6vbzIwvyFMhx,0.0096,9,0.0821,-10.888,1,0.0298,48.718,4,https://api.spotify.com/v1/tracks/3fqwjXwUGN6vbzIwvyFMhx,audio_features,spotify:track:3fqwjXwUGN6vbzIwvyFMhx,0.512,233,82,76,2015-05-04,2015,3fqwjXwUGN6vbzIwvyFMhx,Traveller,Tennessee Whiskey,1
https://i.scdn.co/image/0bec901e20599b8c7a572d0c79e29313aa4e9e48,Little Big Town,1246888,https://i.scdn.co/image/65d9abcceaafd4f91bce1ff81a154dda895df5b2,https://i.scdn.co/image/f50d46c4d6d924b443ad9c965155df9d491bd0e2,66,193320,0.842,https://api.spotify.com/v1/audio-analysis/11qh54D0PKkBwelpDxxiEU,0.5,193320,0.225,11qh54D0PKkBwelpDxxiEU,0.0,0,0.112,-10.22,1,0.0302,173.788,3,https://api.spotify.com/v1/tracks/11qh54D0PKkBwelpDxxiEU,audio_features,spotify:track:11qh54D0PKkBwelpDxxiEU,0.355,226,87,65,2014-10-21,2014,11qh54D0PKkBwelpDxxiEU,Girl Crush,Girl Crush,1
https://i.scdn.co/image/b2ead2709aaaaefe9dc8577d0aa872a1e5c76c17,Halifa Kiz,816,https://i.scdn.co/image/b73352be8d312b9e821580e8b3d477c6557e24ce,https://i.scdn.co/image/03094c51e2b9833810f375464cf3dd318cdacdd9,21,232500,0.176,https://api.spotify.com/v1/audio-analysis/0r9yWSRUM49txoHbw5OTiZ,0.685,232500,0.452,0r9yWSRUM49txoHbw5OTiZ,3.16e-06,7,0.133,-12.987,0,0.0497,79.98,4,https://api.spotify.com/v1/tracks/0r9yWSRUM49txoHbw5OTiZ,audio_features,spotify:track:0r9yWSRUM49txoHbw5OTiZ,0.219,468,161,32,2015-04-20,2015,0r9yWSRUM49txoHbw5OTiZ,See You Again (from Furious 7),See You Again - From Fast & Furious 7,1
https://i.scdn.co/image/f9426728d34bade06ecb7b1b74c92a25091a25cb,Meghan Trainor,6592831,https://i.scdn.co/image/26648b77ab4f6dbebf304988abca69deac6ee6d9,https://i.scdn.co/image/61071d43c333b92b60b0bd7711086170ba6c9246,82,182666,0.0506,https://api.spotify.com/v1/audio-analysis/6gj08XDlv9Duc2fPOxUmVD,0.775,182667,0.825,6gj08XDlv9Duc2fPOxUmVD,1.03e-06,7,0.111,-5.402,1,0.0464,139.091,4,https://api.spotify.com/v1/tracks/6gj08XDlv9Duc2fPOxUmVD,audio_features,spotify:track:6gj08XDlv9Duc2fPOxUmVD,0.95,541,123,66,2015-01-09,2015,6gj08XDlv9Duc2fPOxUmVD,Lips Are Movin,Lips Are Movin,1
https://i.scdn.co/image/f27935a8894d873e437656615ab8d046bc424a80,Tori Kelly,1484212,https://i.scdn.co/image/0250abf99bec7093a2bd37b2471e2ee3d72d2d6f,https://i.scdn.co/image/47f9b160785a2a5a3efa5ba13a05b09b31179fed,73,186466,0.00367,https://api.spotify.com/v1/audio-analysis/5SUKnxEQaFFeudmI4qYLd9,0.647,186467,0.759,5SUKnxEQaFFeudmI4qYLd9,1.13e-05,6,0.0704,-5.468,0,0.12,89.944,4,https://api.spotify.com/v1/tracks/5SUKnxEQaFFeudmI4qYLd9,audio_features,spotify:track:5SUKnxEQaFFeudmI4qYLd9,0.424,525,115,57,2016-01-29,2016,5SUKnxEQaFFeudmI4qYLd9,Should've Been Us,Should’ve Been Us,1
https://i.scdn.co/image/269dabb3bd6618d52320164173ac5599db350589,Sam Hunt,1484039,https://i.scdn.co/image/84e943cbc6ccd9ca0699d9f7746ee18fda893c96,https://i.scdn.co/image/8de07a7cfada610eb940624cbd5896e10c7f92d5,74,243706,0.101,https://api.spotify.com/v1/audio-analysis/6DEaND0SHv3sC11xobZLiy,0.558,243707,0.719,6DEaND0SHv3sC11xobZLiy,0.0,11,0.212,-5.603,1,0.0419,158.031,4,https://api.spotify.com/v1/tracks/6DEaND0SHv3sC11xobZLiy,audio_features,spotify:track:6DEaND0SHv3sC11xobZLiy,0.483,463,162,68,2014-10-27,2014,6DEaND0SHv3sC11xobZLiy,Take Your Time,Take Your Time,1
https://i.scdn.co/image/116f1490cd76d53af12c7464dcf2400796d6f0e0,James Bay,2076950,https://i.scdn.co/image/553892097e8b1a28f1a63ae8ad755912509f9d2f,https://i.scdn.co/image/7cdade65aca32c8f142c0584e7188a4b324f3664,78,238746,0.0526,https://api.spotify.com/v1/audio-analysis/7tmtOEDxPN7CWaQWBsG1DY,0.715,238747,0.715,7tmtOEDxPN7CWaQWBsG1DY,0.0,5,0.0936,-7.364,1,0.0904,134.923,4,https://api.spotify.com/v1/tracks/7tmtOEDxPN7CWaQWBsG1DY,audio_features,spotify:track:7tmtOEDxPN7CWaQWBsG1DY,0.506,321,80,64,2014-12-15,2014,7tmtOEDxPN7CWaQWBsG1DY,Hold Back the River,Hold Back The River,1
https://i.scdn.co/image/1a0e7eb33178617ed11835e85d4b43565ea3bc68,Courtney Barnett,302346,https://i.scdn.co/image/0bb845de33922fc8de8bc9e574abeb8d80d1674f,https://i.scdn.co/image/68757fc6f5dda337cdc24ef2fd614beb68232127,62,230560,4.61e-06,https://api.spotify.com/v1/audio-analysis/7gsn3NxWLA0s0g9TmQlMri,0.479,230560,0.854,7gsn3NxWLA0s0g9TmQlMri,5.72e-05,11,0.372,-6.101,1,0.0405,136.067,4,https://api.spotify.com/v1/tracks/7gsn3NxWLA0s0g9TmQlMri,audio_features,spotify:track:7gsn3NxWLA0s0g9TmQlMri,0.535,505,173,46,2015-03-24,2015,7gsn3NxWLA0s0g9TmQlMri,Pedestrian at Best,Pedestrian at Best,1
https://i.scdn.co/image/9aee2eca5d77408db113e00013ced1d73a4998e1,Carrie Underwood,2929895,https://i.scdn.co/image/62faffbb746b291b594a8a82cdc1e720790c19bc,https://i.scdn.co/image/7726530de2db2bc5192d50a6dde5bc74f757f8c6,75,210760,0.00407,https://api.spotify.com/v1/audio-analysis/4lnnde7PnrXR3pUzQKBe6X,0.434,210760,0.868,4lnnde7PnrXR3pUzQKBe6X,1.98e-06,7,0.0919,-1.208,1,0.0603,161.886,4,https://api.spotify.com/v1/tracks/4lnnde7PnrXR3pUzQKBe6X,audio_features,spotify:track:4lnnde7PnrXR3pUzQKBe6X,0.204,406,134,54,2014-12-09,2014,4lnnde7PnrXR3pUzQKBe6X,Little Toy Guns,Little Toy Guns,1
https://i.scdn.co/image/8ec220fdfee107cd3f6f68bcc6c7c8d8f6794992,Cam,77333,https://i.scdn.co/image/2bdf752fbf8bb8cea397e790e2bb57b0fcb09227,https://i.scdn.co/image/883631d70a266bf704e2bedd28f25cb2034fd4dd,59,231333,0.887,https://api.spotify.com/v1/audio-analysis/2zhk0kypGeOPsaaZcjyc14,0.728,231333,0.253,2zhk0kypGeOPsaaZcjyc14,1.11e-05,0,0.133,-8.427,1,0.0304,140.923,4,https://api.spotify.com/v1/tracks/2zhk0kypGeOPsaaZcjyc14,audio_features,spotify:track:2zhk0kypGeOPsaaZcjyc14,0.457,305,108,65,2015-12-11,2015,2zhk0kypGeOPsaaZcjyc14,Burning House,Burning House,1
https://i.scdn.co/image/6ea7e4f79daef74f3133d02276679586c064f171,Johnny Mathis,121743,https://i.scdn.co/image/5ed62de79fca1b8714c6f814f1356f53189188fb,https://i.scdn.co/image/1d5fc41c0bcb6d01b830e0ff35079df5067469c9,64,182453,0.884,https://api.spotify.com/v1/audio-analysis/2eg3CoqVGI21N8115BgdQA,0.315,182453,0.313,2eg3CoqVGI21N8115BgdQA,0.0,10,0.101,-9.339,1,0.0297,78.356,4,https://api.spotify.com/v1/tracks/2eg3CoqVGI21N8115BgdQA,audio_features,spotify:track:2eg3CoqVGI21N8115BgdQA,0.259,28685,5682,57,2004-05-04,2004,2eg3CoqVGI21N8115BgdQA,Chances Are,Chances Are - Single Version,1
https://i.scdn.co/image/34a4c36f6d279725be6cc9d16261964bb0be3dc7,Keith Urban,2789759,https://i.scdn.co/image/9f6764ae24c86eff6ca952005771ed721fa4005d,https://i.scdn.co/image/87b8b7de977e5f267da5311f7d3ab6d8d157c98f,75,221600,0.0606,https://api.spotify.com/v1/audio-analysis/72f7jNxopSGvbx3M35i3Zl,0.644,221600,0.776,72f7jNxopSGvbx3M35i3Zl,3.77e-06,7,0.0795,-6.967,1,0.0929,170.036,4,https://api.spotify.com/v1/tracks/72f7jNxopSGvbx3M35i3Zl,audio_features,spotify:track:72f7jNxopSGvbx3M35i3Zl,0.578,476,148,60,2016-05-06,2016,72f7jNxopSGvbx3M35i3Zl,"John Cougar, John Deere, John 3:16","John Cougar, John Deere, John 3:16",1
https://i.scdn.co/image/32aa1fd4f61e0e8e089ff2f95632f2463231d5b1,Taylor Swift,16379586,https://i.scdn.co/image/33bc9128ad82f7d39847b6db6a49d5416502e7e7,https://i.scdn.co/image/cec43c2fb746ea2a0c7546aa3408fe2f94887fe4,89,219200,0.0561,https://api.spotify.com/v1/audio-analysis/5xTtaWoae3wi06K5WfVUUH,0.648,219200,0.785,5xTtaWoae3wi06K5WfVUUH,0.0,7,0.148,-5.414,1,0.165,160.02,4,https://api.spotify.com/v1/tracks/5xTtaWoae3wi06K5WfVUUH,audio_features,spotify:track:5xTtaWoae3wi06K5WfVUUH,0.943,826,151,69,2014-10-27,2014,5xTtaWoae3wi06K5WfVUUH,Shake It Off,Shake It Off,1
https://i.scdn.co/image/109a927a010789a018f9f6e86a1218ecf84f9f03,Iggy Azalea,3550926,https://i.scdn.co/image/38901a57adaf1e20c8f76b95b115abfedf57b4fc,https://i.scdn.co/image/67affd52128db804b93a29a1731817988f4dfc2e,75,199938,0.0904,https://api.spotify.com/v1/audio-analysis/3oiMJQAWVaxSubJ7b2VUtX,0.912,199938,0.716,3oiMJQAWVaxSubJ7b2VUtX,0.0,10,0.0491,-4.141,0,0.0697,94.981,4,https://api.spotify.com/v1/tracks/3oiMJQAWVaxSubJ7b2VUtX,audio_features,spotify:track:3oiMJQAWVaxSubJ7b2VUtX,0.377,616,239,66,2014-01-01,2014,3oiMJQAWVaxSubJ7b2VUtX,Fancy,Fancy,1
https://i.scdn.co/image/6c41981dc659cc8a19a0371f42951d8dec48db7c,Travis Scott,3790721,https://i.scdn.co/image/3bd8772031778b4ac9a20c43adf7e1cdff007e3e,https://i.scdn.co/image/19310287bfe574a9d1f0da2e9dceb953940bb8e0,96,243836,0.0847,https://api.spotify.com/v1/audio-analysis/6gBFPUFcJLzWGx4lenP6h2,0.841,243837,0.728,6gBFPUFcJLzWGx4lenP6h2,0.0,7,0.149,-3.37,1,0.0484,130.049,4,https://api.spotify.com/v1/tracks/6gBFPUFcJLzWGx4lenP6h2,audio_features,spotify:track:6gBFPUFcJLzWGx4lenP6h2,0.43,695,218,84,2016-09-16,2016,6gBFPUFcJLzWGx4lenP6h2,Sing,goosebumps,1
https://i.scdn.co/image/7317e854667da26446576a747d1efe8d9d58e92d,Ariana Grande,20808923,https://i.scdn.co/image/a1063f43437d1d724a3d7d8fe51410472d88cb27,https://i.scdn.co/image/6c60edb78bf9b1c0eeb219c9fdbbc9453eceb2c6,97,193920,0.0192,https://api.spotify.com/v1/audio-analysis/7vS3Y0IKjde7Xg85LWIEdP,0.66,193920,0.805,7vS3Y0IKjde7Xg85LWIEdP,8.83e-06,1,0.159,-5.352,0,0.153,103.009,4,https://api.spotify.com/v1/tracks/7vS3Y0IKjde7Xg85LWIEdP,audio_features,spotify:track:7vS3Y0IKjde7Xg85LWIEdP,0.625,683,187,75,2014-08-25,2014,7vS3Y0IKjde7Xg85LWIEdP,Problem,Problem,1
https://i.scdn.co/image/4df2c4c3deb49d4c0b37434b8744087eaf749602,Meghan Trainor,6592831,https://i.scdn.co/image/26648b77ab4f6dbebf304988abca69deac6ee6d9,https://i.scdn.co/image/61071d43c333b92b60b0bd7711086170ba6c9246,82,188754,0.0476,https://api.spotify.com/v1/audio-analysis/0ifSeVGUr7py5GggttDhXw,0.811,188754,0.879,0ifSeVGUr7py5GggttDhXw,1.91e-06,9,0.109,-3.724,1,0.0514,134.064,4,https://api.spotify.com/v1/tracks/0ifSeVGUr7py5GggttDhXw,audio_features,spotify:track:0ifSeVGUr7py5GggttDhXw,0.962,596,134,66,2014-06-30,2014,0ifSeVGUr7py5GggttDhXw,All About That Bass,All About That Bass,1
https://i.scdn.co/image/aa8a47bd09486f303cafe538fdf6e8561f2347f0,Katy Perry,11631159,https://i.scdn.co/image/473d2b4e0386e518e1a8326fa7092dd702c399da,https://i.scdn.co/image/9a2d7b0ce015dea90decae0141b219afe004af25,83,215672,0.00314,https://api.spotify.com/v1/audio-analysis/5jrdCoLpJSvHHorevXBATy,0.645,215672,0.585,5jrdCoLpJSvHHorevXBATy,0.0,6,0.165,-6.122,1,0.0513,131.931,4,https://api.spotify.com/v1/tracks/5jrdCoLpJSvHHorevXBATy,audio_features,spotify:track:5jrdCoLpJSvHHorevXBATy,0.353,586,231,76,2013-01-01,2013,5jrdCoLpJSvHHorevXBATy,Dark Horse,Dark Horse,1
https://i.scdn.co/image/6218fc701d5c6e66c200f29b57fc4cd5f979313f,Coldplay,16181578,https://i.scdn.co/image/cb8339bc2406e0106b290cd8a0f5522441e2584f,https://i.scdn.co/image/871c38c7f11cbba8c21ff66b703661434cd2f495,89,268466,0.00713,https://api.spotify.com/v1/audio-analysis/0FDzzruyVECATHXKHFs9eJ,0.551,268467,0.636,0FDzzruyVECATHXKHFs9eJ,0.00203,6,0.217,-7.125,1,0.0281,124.996,4,https://api.spotify.com/v1/tracks/0FDzzruyVECATHXKHFs9eJ,audio_features,spotify:track:0FDzzruyVECATHXKHFs9eJ,0.153,227,61,76,2014-05-19,2014,0FDzzruyVECATHXKHFs9eJ,A Sky Full of Stars,A Sky Full of Stars,1
https://i.scdn.co/image/f70bb46e668e224ea67c6afa25ba438881e50d15,Miley Cyrus,7278448,https://i.scdn.co/image/d594a099ac6729b8ab379b6bd8cf071c189718dd,https://i.scdn.co/image/6d741e9188b6f43bfb4f82010c375fa1a6df1916,80,221360,0.407,https://api.spotify.com/v1/audio-analysis/2vwlzO0Qp8kfEtzTsCXfyE,0.53,221360,0.422,2vwlzO0Qp8kfEtzTsCXfyE,0.0,5,0.107,-6.262,1,0.0342,119.964,4,https://api.spotify.com/v1/tracks/2vwlzO0Qp8kfEtzTsCXfyE,audio_features,spotify:track:2vwlzO0Qp8kfEtzTsCXfyE,0.349,387,115,72,2013-10-04,2013,2vwlzO0Qp8kfEtzTsCXfyE,Wrecking Ball,Wrecking Ball,1
https://i.scdn.co/image/03d97de27e99fd8099506ea172531cea0da59654,Sia,9204615,https://i.scdn.co/image/dd3e336d456172bbda56b543c5389e1490903a30,https://i.scdn.co/image/a82822ab211cbe28a0a1dbcb16902a1a8a2ea791,90,216120,0.0197,https://api.spotify.com/v1/audio-analysis/2s1sdSqGcKxpPr5lCl7jAV,0.399,216120,0.787,2s1sdSqGcKxpPr5lCl7jAV,6.07e-05,1,0.0685,-2.88,1,0.0499,117.089,5,https://api.spotify.com/v1/tracks/2s1sdSqGcKxpPr5lCl7jAV,audio_features,spotify:track:2s1sdSqGcKxpPr5lCl7jAV,0.572,477,106,70,2015-05-01,2015,2s1sdSqGcKxpPr5lCl7jAV,Chandelier,Chandelier,1
https://i.scdn.co/image/6d285dc02619ed8df7458a9b33da3de00c49fa9e,John Legend,4360746,https://i.scdn.co/image/38552dd244f96daf4f8abe54c4968efc30975519,https://i.scdn.co/image/2077c19a04d7f432b7861e7d094772062fe7a430,82,291960,0.833,https://api.spotify.com/v1/audio-analysis/6nyZQ82OI0OujbbFpo3e0K,0.505,291960,0.15,6nyZQ82OI0OujbbFpo3e0K,0.0,8,0.0988,-9.795,1,0.0439,133.237,4,https://api.spotify.com/v1/tracks/6nyZQ82OI0OujbbFpo3e0K,audio_features,spotify:track:6nyZQ82OI0OujbbFpo3e0K,0.383,175,118,56,2013-11-22,2013,6nyZQ82OI0OujbbFpo3e0K,All of Me (Live),All of Me - Live from Spotify Milan,1
https://i.scdn.co/image/7572ec4bb0371e2b7f78448ade9d61697d9b5c70,Hozier,2637731,https://i.scdn.co/image/c181b6184e82bd7f8411d97b87e4f1daa1bbbbb8,https://i.scdn.co/image/4d4be818dc98d47b9086ecff8ec4883902781070,80,241693,0.634,https://api.spotify.com/v1/audio-analysis/1CS7Sd1u5tWkstBhpssyjP,0.566,241693,0.664,1CS7Sd1u5tWkstBhpssyjP,0.0,4,0.116,-5.303,0,0.0464,128.945,4,https://api.spotify.com/v1/tracks/1CS7Sd1u5tWkstBhpssyjP,audio_features,spotify:track:1CS7Sd1u5tWkstBhpssyjP,0.437,499,182,73,2014-10-03,2014,1CS7Sd1u5tWkstBhpssyjP,Take Me to Church,Take Me to Church,1
https://i.scdn.co/image/98be8968e1c29e6ef80831c5867733d2e687b508,Beyoncé,16530061,https://i.scdn.co/image/ac2280a08e63bcb88f71bd3697fdc103b322ed9d,https://i.scdn.co/image/8ce3e8ae21481b60e3fb2604384b82175a949603,87,323480,0.00969,https://api.spotify.com/v1/audio-analysis/6jG2YzhxptolDzLHTGLt7S,0.589,323480,0.621,6jG2YzhxptolDzLHTGLt7S,0.00104,5,0.181,-6.902,0,0.0468,140.03,4,https://api.spotify.com/v1/tracks/6jG2YzhxptolDzLHTGLt7S,audio_features,spotify:track:6jG2YzhxptolDzLHTGLt7S,0.401,778,269,73,2014-11-24,2014,6jG2YzhxptolDzLHTGLt7S,Drunk in Love,Drunk in Love,1
https://i.scdn.co/image/347c9acc61cf8b90fd4a654b5520a68313255ed0,Pharrell Williams,2550942,https://i.scdn.co/image/c5b5d1f551d287d2b86b801b935e422d610f3e94,https://i.scdn.co/image/05419ed494f1e5f72c21b38ac5a98e1b56d60c80,82,201933,0.266,https://api.spotify.com/v1/audio-analysis/444P4wvSDa0SD5HE4YGx9B,0.934,201933,0.798,444P4wvSDa0SD5HE4YGx9B,4.54e-05,0,0.0962,-5.665,1,0.0849,120.162,4,https://api.spotify.com/v1/tracks/444P4wvSDa0SD5HE4YGx9B,audio_features,spotify:track:444P4wvSDa0SD5HE4YGx9B,0.895,573,145,60,2014-03-03,2014,444P4wvSDa0SD5HE4YGx9B,Come Get It Bae,Come Get It Bae,1
https://i.scdn.co/image/b8bd07481c4a13efac013aba7f51d6fb55fa002b,King Krule,337730,https://i.scdn.co/image/ba41d1a35d5d705d1652e5c4f43b416e4894746a,https://i.scdn.co/image/a09ef7ef895a8018e35fd93d5df8a931da46c03a,63,215506,0.613,https://api.spotify.com/v1/audio-analysis/1jhtxc7ON8ZzgvWGPwWXUN,0.468,215507,0.331,1jhtxc7ON8ZzgvWGPwWXUN,0.00108,3,0.129,-11.052,1,0.036,102.448,4,https://api.spotify.com/v1/tracks/1jhtxc7ON8ZzgvWGPwWXUN,audio_features,spotify:track:1jhtxc7ON8ZzgvWGPwWXUN,0.09,107,64,56,2013-08-24,2013,1jhtxc7ON8ZzgvWGPwWXUN,Blue Moon,Baby Blue,1
https://i.scdn.co/image/55a1aab8c6201f8e7f745463b0dff06718113de4,Keith Urban,2789762,https://i.scdn.co/image/9f6764ae24c86eff6ca952005771ed721fa4005d,https://i.scdn.co/image/87b8b7de977e5f267da5311f7d3ab6d8d157c98f,75,184946,0.645,https://api.spotify.com/v1/audio-analysis/3YimpODfNhxj3rN81v4WvE,0.609,184947,0.788,3YimpODfNhxj3rN81v4WvE,3.72e-05,4,0.174,-7.855,1,0.0416,108.053,4,https://api.spotify.com/v1/tracks/3YimpODfNhxj3rN81v4WvE,audio_features,spotify:track:3YimpODfNhxj3rN81v4WvE,0.54,344,157,53,2013-01-01,2013,3YimpODfNhxj3rN81v4WvE,Raise 'Em Up,Raise 'Em Up,1
https://i.scdn.co/image/101f0e5f1b1256190260946db7d30c7e1e0e0c04,Robert Ellis,18563,https://i.scdn.co/image/81ede3150bb411c0e2569d1cb6fa9097eb1bb962,https://i.scdn.co/image/92dc152114c80c49f9f57f60671cac5fd8a83785,47,352280,0.945,https://api.spotify.com/v1/audio-analysis/2nX2TPYt4QOuRdCfbPFq9o,0.488,352280,0.326,2nX2TPYt4QOuRdCfbPFq9o,0.0157,3,0.119,-12.02,1,0.0328,106.063,4,https://api.spotify.com/v1/tracks/2nX2TPYt4QOuRdCfbPFq9o,audio_features,spotify:track:2nX2TPYt4QOuRdCfbPFq9o,0.323,327,164,53,2017-12-08,2017,2nX2TPYt4QOuRdCfbPFq9o,Gentle on My Mind,Gentle on My Mind,1
https://i.scdn.co/image/ffd33bead695add6d22b2779ea74898ca5a29c9f,Tim McGraw,2499435,https://i.scdn.co/image/182f7c7acf0f4df5e5cb8043c9afed0d4bdf581e,https://i.scdn.co/image/4305d7ba3dbfaecb828692192efb947369db4541,75,228106,0.583,https://api.spotify.com/v1/audio-analysis/2rO28hRLDbsenVjeWvwqQz,0.524,228107,0.679,2rO28hRLDbsenVjeWvwqQz,5.79e-05,6,0.163,-8.68,1,0.0435,172.977,4,https://api.spotify.com/v1/tracks/2rO28hRLDbsenVjeWvwqQz,audio_features,spotify:track:2rO28hRLDbsenVjeWvwqQz,0.676,441,193,53,2014-01-01,2014,2rO28hRLDbsenVjeWvwqQz,Meanwhile Back at Mama's,Meanwhile Back At Mama's,1
https://i.scdn.co/image/9d8cbac5bdad50721448c454374610d1710de18f,Miranda Lambert,1690898,https://i.scdn.co/image/f44af6e7f384629802977698bcd593b7e295c796,https://i.scdn.co/image/9bd184a0cafaa0005282e978cc785295cb5cf608,70,169586,0.0527,https://api.spotify.com/v1/audio-analysis/6s9m5J92By7jii22Q2XtY2,0.68,169587,0.888,6s9m5J92By7jii22Q2XtY2,2.82e-06,9,0.0575,-5.308,1,0.055,90.076,4,https://api.spotify.com/v1/tracks/6s9m5J92By7jii22Q2XtY2,audio_features,spotify:track:6s9m5J92By7jii22Q2XtY2,0.484,365,180,62,2014-06-02,2014,6s9m5J92By7jii22Q2XtY2,Somethin' Bad,Somethin' Bad - (Duet with Carrie Underwood),1
https://i.scdn.co/image/0bec901e20599b8c7a572d0c79e29313aa4e9e48,Little Big Town,1246887,https://i.scdn.co/image/65d9abcceaafd4f91bce1ff81a154dda895df5b2,https://i.scdn.co/image/f50d46c4d6d924b443ad9c965155df9d491bd0e2,66,178840,0.103,https://api.spotify.com/v1/audio-analysis/1pxXqJZBrCREdC0s4Xs6Xz,0.591,178840,0.959,1pxXqJZBrCREdC0s4Xs6Xz,0.0,9,0.779,-2.515,1,0.057,163.883,4,https://api.spotify.com/v1/tracks/1pxXqJZBrCREdC0s4Xs6Xz,audio_features,spotify:track:1pxXqJZBrCREdC0s4Xs6Xz,0.86,306,98,55,2014-10-21,2014,1pxXqJZBrCREdC0s4Xs6Xz,Day Drinking,Day Drinking,1
https://i.scdn.co/image/2587c8038a89b1d28f694c1df3adc44fce70b9c1,Old Dominion,410657,https://i.scdn.co/image/54b2efa419bacb9e1ad944a1376ead688a78ca1a,https://i.scdn.co/image/4e7a9d67d6070b0d5d3bc6383a3b9334f6f082bf,73,195013,0.0163,https://api.spotify.com/v1/audio-analysis/1K9ovAYSKc2kDPwXDGknG7,0.31,195013,0.949,1K9ovAYSKc2kDPwXDGknG7,2.11e-06,7,0.543,-4.672,1,0.166,143.278,4,https://api.spotify.com/v1/tracks/1K9ovAYSKc2kDPwXDGknG7,audio_features,spotify:track:1K9ovAYSKc2kDPwXDGknG7,0.265,368,66,44,2017-08-25,2017,1K9ovAYSKc2kDPwXDGknG7,Happy (Live),Can't Get You - Live,1
https://i.scdn.co/image/da39a8f80539ea048011ee3aa59f4066659290ea,Bruno Mars,18302227,https://i.scdn.co/image/5461dcbb3f23e1df62d85c8273fc49cc4edd49d5,https://i.scdn.co/image/63cad86cb183568085a4e5f0be86aa187cc511e4,90,233478,0.049,https://api.spotify.com/v1/audio-analysis/3w3y8KPTfNeOKPiqUTakBh,0.726,233478,0.698,3w3y8KPTfNeOKPiqUTakBh,0.0,5,0.309,-4.165,1,0.0431,143.994,4,https://api.spotify.com/v1/tracks/3w3y8KPTfNeOKPiqUTakBh,audio_features,spotify:track:3w3y8KPTfNeOKPiqUTakBh,0.867,375,99,77,2012-12-07,2012,3w3y8KPTfNeOKPiqUTakBh,Locked Out of Heaven,Locked Out Of Heaven,1
https://i.scdn.co/image/1d1de561a647617d660bfaacb8d8208c2fab9bd0,Robin Thicke,1324958,https://i.scdn.co/image/72f55a906a253313d866961181741d02478afc83,https://i.scdn.co/image/5f7c97e95398da3c8435c8d57db4cf3b278c6128,68,263826,0.00373,https://api.spotify.com/v1/audio-analysis/0n4bITAu0Y0nigrz3MFJMb,0.862,263827,0.608,0n4bITAu0Y0nigrz3MFJMb,6.14e-06,7,0.0856,-4.762,1,0.0402,120.002,4,https://api.spotify.com/v1/tracks/0n4bITAu0Y0nigrz3MFJMb,audio_features,spotify:track:0n4bITAu0Y0nigrz3MFJMb,0.836,752,231,73,2013-01-01,2013,0n4bITAu0Y0nigrz3MFJMb,Blurred Lines,Blurred Lines,1
https://i.scdn.co/image/f06f0658ccc185e6e884fe4af76b217c4fe478c7,Lorde,3859727,https://i.scdn.co/image/2f22ea3ea1597887d86441a030204dac49a74a81,https://i.scdn.co/image/ca2e7772dcdfd03401cdd0c66aeee1bea8ea3904,79,190185,0.106,https://api.spotify.com/v1/audio-analysis/2dLLR6qlu5UJ5gk0dKz0h3,0.616,190185,0.432,2dLLR6qlu5UJ5gk0dKz0h3,0.0,7,0.132,-9.546,1,0.133,84.778,4,https://api.spotify.com/v1/tracks/2dLLR6qlu5UJ5gk0dKz0h3,audio_features,spotify:track:2dLLR6qlu5UJ5gk0dKz0h3,0.302,472,151,77,2013-01-01,2013,2dLLR6qlu5UJ5gk0dKz0h3,Royals,Royals,1
https://i.scdn.co/image/705f6a474bbcf4af717ba05ca1d1d1f4f82fb52d,Imagine Dragons,14305861,https://i.scdn.co/image/1cdf5ce3cf329ae433bfa76e88dadeb06653fda9,https://i.scdn.co/image/ff8d83627cb2a80d4c1fa36fd80a193ca34b7a50,94,186813,0.106,https://api.spotify.com/v1/audio-analysis/4G8gkOterJn0Ywt6uhqbhp,0.448,186813,0.784,4G8gkOterJn0Ywt6uhqbhp,0.000108,9,0.668,-3.686,1,0.0627,136.245,4,https://api.spotify.com/v1/tracks/4G8gkOterJn0Ywt6uhqbhp,audio_features,spotify:track:4G8gkOterJn0Ywt6uhqbhp,0.236,307,77,72,2012-01-01,2012,4G8gkOterJn0Ywt6uhqbhp,Radioactive,Radioactive,1
https://i.scdn.co/image/720c461b76e099758677df449324572e124c8fb4,Daft Punk,4808684,https://i.scdn.co/image/ab7eb5c69836f3d7a124f4c88d42bd8a4b6e127b,https://i.scdn.co/image/486fee1d3efda3ff7eeee2016d18f279cae9c77e,82,369626,0.0378,https://api.spotify.com/v1/audio-analysis/69kOkLUCkxIZYexIgSG8rq,0.81,369627,0.793,69kOkLUCkxIZYexIgSG8rq,1.82e-06,6,0.072,-9.404,0,0.0403,116.049,4,https://api.spotify.com/v1/tracks/69kOkLUCkxIZYexIgSG8rq,audio_features,spotify:track:69kOkLUCkxIZYexIgSG8rq,0.863,609,77,70,2013-05-17,2013,69kOkLUCkxIZYexIgSG8rq,Get Lucky,Get Lucky,1
https://i.scdn.co/image/aa8a47bd09486f303cafe538fdf6e8561f2347f0,Katy Perry,11631159,https://i.scdn.co/image/473d2b4e0386e518e1a8326fa7092dd702c399da,https://i.scdn.co/image/9a2d7b0ce015dea90decae0141b219afe004af25,83,223546,0.00487,https://api.spotify.com/v1/audio-analysis/6F5c58TMEs1byxUstkzVeM,0.554,223546,0.772,6F5c58TMEs1byxUstkzVeM,6.6e-06,7,0.354,-4.821,0,0.0418,179.984,4,https://api.spotify.com/v1/tracks/6F5c58TMEs1byxUstkzVeM,audio_features,spotify:track:6F5c58TMEs1byxUstkzVeM,0.455,532,127,74,2013-01-01,2013,6F5c58TMEs1byxUstkzVeM,Roar,Roar,1
https://i.scdn.co/image/0c75da9ff305bc3b992812c3e63dc90d8767fceb,Gotye,2124096,https://i.scdn.co/image/3d9e13de7311133f8ace6b9ea6a41cc284305341,https://i.scdn.co/image/fd922f0f217bcb664847d593d33e5ae61ea877da,68,244973,0.565,https://api.spotify.com/v1/audio-analysis/4wCmqSrbyCgxEXROQE6vtV,0.857,244973,0.517,4wCmqSrbyCgxEXROQE6vtV,0.000195,0,0.102,-6.972,1,0.0384,129.063,4,https://api.spotify.com/v1/tracks/4wCmqSrbyCgxEXROQE6vtV,audio_features,spotify:track:4wCmqSrbyCgxEXROQE6vtV,0.754,88,52,72,2011-01-01,2011,4wCmqSrbyCgxEXROQE6vtV,Mirrors,Somebody That I Used To Know - feat. Kimbra,1
https://i.scdn.co/image/a92096f0b403d80dac377329098528f0a3d2593d,Sara Bareilles,1002156,https://i.scdn.co/image/daa651e3412bcab8847daff4d42113a7132a9a57,https://i.scdn.co/image/622f1641c111ae8d9c0eda414c789ad5d5ffe923,73,220573,0.00502,https://api.spotify.com/v1/audio-analysis/6Uy6K3KdmUdAfelUp0SeXn,0.551,220573,0.836,6Uy6K3KdmUdAfelUp0SeXn,2.1e-05,10,0.0425,-3.838,0,0.0524,185.063,4,https://api.spotify.com/v1/tracks/6Uy6K3KdmUdAfelUp0SeXn,audio_features,spotify:track:6Uy6K3KdmUdAfelUp0SeXn,0.758,422,131,67,2013-07-16,2013,6Uy6K3KdmUdAfelUp0SeXn,Brave,Brave,1
https://i.scdn.co/image/ee45013ffd4e68f43afd8961e919d8c80e54e35e,Selena Gomez,12435765,https://i.scdn.co/image/e43762cfe18b294496158601b1ed18f3fee1158d,https://i.scdn.co/image/07ddb6297cd68710190d0d6956ed32264c713e03,91,229080,0.0223,https://api.spotify.com/v1/audio-analysis/1BZG99C7Co1r6QUC3zaS59,0.672,229080,0.593,1BZG99C7Co1r6QUC3zaS59,0.0,11,0.214,-4.01,0,0.0304,98.02,4,https://api.spotify.com/v1/tracks/1BZG99C7Co1r6QUC3zaS59,audio_features,spotify:track:1BZG99C7Co1r6QUC3zaS59,0.438,502,117,65,2015-10-09,2015,1BZG99C7Co1r6QUC3zaS59,Same Love,Same Old Love,1
https://i.scdn.co/image/5e786f2aa7631103784692626095482338c81df1,Ghostemane,413300,https://i.scdn.co/image/0a70ff49bd108bccc3259ac82174e540cd0f2231,https://i.scdn.co/image/23ad1f6a5aef96f8c0d368ab2a1325c301cf9e25,73,124538,0.0598,https://api.spotify.com/v1/audio-analysis/2Vc6NJ9PW9gD9q343XFRKx,0.831,124539,0.814,2Vc6NJ9PW9gD9q343XFRKx,0.0134,2,0.0556,-7.364,1,0.42,156.985,4,https://api.spotify.com/v1/tracks/2Vc6NJ9PW9gD9q343XFRKx,audio_features,spotify:track:2Vc6NJ9PW9gD9q343XFRKx,0.389,382,118,71,2017-09-05,2017,2Vc6NJ9PW9gD9q343XFRKx,Retrograde,Mercury: Retrograde,1
https://i.scdn.co/image/f0a258a849f5e64f101a2ef7f1c01ddbdfb3ec1f,Kendrick Lamar,11310775,https://i.scdn.co/image/b772a78d4cb192268d6f601a78f21044c17d6dda,https://i.scdn.co/image/5259c0496329b3f608a1ae0edb799cd2f8451acc,91,247800,0.00627,https://api.spotify.com/v1/audio-analysis/6REbwUNlppTfcnV4d4ZoZi,0.577,247800,0.447,6REbwUNlppTfcnV4d4ZoZi,0.00022,8,0.0899,-5.892,1,0.277,74.236,4,https://api.spotify.com/v1/tracks/6REbwUNlppTfcnV4d4ZoZi,audio_features,spotify:track:6REbwUNlppTfcnV4d4ZoZi,0.189,990,317,70,2012-01-01,2012,6REbwUNlppTfcnV4d4ZoZi,Swimming Pools (Drank),Swimming Pools (Drank),1
https://i.scdn.co/image/43bf97e5b621230110d3d515bd272bde91059d1f,Ed Sheeran,36361150,https://i.scdn.co/image/f39b705ba6b1070c77bce4e9c21dff5bac96f21c,https://i.scdn.co/image/e21f791b600f04f9dd8ad2b6d9b3304a82e048ca,93,185093,0.562,https://api.spotify.com/v1/audio-analysis/5ubHAQtKuFfiG4FXfLP804,0.592,185093,0.637,5ubHAQtKuFfiG4FXfLP804,0.0,11,0.13,-8.48,1,0.0992,159.701,4,https://api.spotify.com/v1/tracks/5ubHAQtKuFfiG4FXfLP804,audio_features,spotify:track:5ubHAQtKuFfiG4FXfLP804,0.565,463,111,72,2011-09-09,2011,5ubHAQtKuFfiG4FXfLP804,Lego House,Lego House,1
https://i.scdn.co/image/0c083075731c0aff30892af77c89380ca6af378a,P!nk,5318595,https://i.scdn.co/image/55019ce117b4ddb39caf51e589df6675905fd1b5,https://i.scdn.co/image/0bbf030d5fbc44787fa641733e810cd1b928c230,83,242733,0.346,https://api.spotify.com/v1/audio-analysis/4VC5nFbYO4avKksJ9jN4pY,0.778,242733,0.547,4VC5nFbYO4avKksJ9jN4pY,0.000302,2,0.132,-7.273,1,0.0489,95.002,4,https://api.spotify.com/v1/tracks/4VC5nFbYO4avKksJ9jN4pY,audio_features,spotify:track:4VC5nFbYO4avKksJ9jN4pY,0.441,496,153,70,2012-09-14,2012,4VC5nFbYO4avKksJ9jN4pY,Just Give Me a Reason,Just Give Me a Reason,1
https://i.scdn.co/image/3e4af6ca77398a23be157e884a1576f8b8e3d075,Taylor Swift,16379598,https://i.scdn.co/image/33bc9128ad82f7d39847b6db6a49d5416502e7e7,https://i.scdn.co/image/cec43c2fb746ea2a0c7546aa3408fe2f94887fe4,89,237613,0.199,https://api.spotify.com/v1/audio-analysis/0L4YCNRfXAoTvdpWeH2RGj,0.467,237613,0.532,0L4YCNRfXAoTvdpWeH2RGj,3.33e-06,7,0.24,-8.277,1,0.0271,78.748,4,https://api.spotify.com/v1/tracks/0L4YCNRfXAoTvdpWeH2RGj,audio_features,spotify:track:0L4YCNRfXAoTvdpWeH2RGj,0.321,386,143,55,2012-01-01,2012,0L4YCNRfXAoTvdpWeH2RGj,Begin Again,Begin Again,1
https://i.scdn.co/image/ae13c1e95cced09071d99d70477d8f4fd24a6d8a,Blake Shelton,3887538,https://i.scdn.co/image/463c09daf8057e8a1adfc9a709f10f89ca76d9e9,https://i.scdn.co/image/768dc39978a2083174311664e3f15011ff9f7049,75,239506,0.146,https://api.spotify.com/v1/audio-analysis/1zvQt99d5oTkEQLmSoO1yu,0.572,239507,0.529,1zvQt99d5oTkEQLmSoO1yu,0.0,0,0.335,-6.897,1,0.0282,139.876,4,https://api.spotify.com/v1/tracks/1zvQt99d5oTkEQLmSoO1yu,audio_features,spotify:track:1zvQt99d5oTkEQLmSoO1yu,0.321,372,165,57,2013-03-26,2013,1zvQt99d5oTkEQLmSoO1yu,Mine Would Be You,Mine Would Be You,1
https://i.scdn.co/image/b7f6d1e714e540b54649ed1a57902891edc659ef,Kacey Musgraves,352000,https://i.scdn.co/image/9b0f4e4f79ba2fedb881db26c1fce488ce99670c,https://i.scdn.co/image/9142d15a8dcf7034f754351349e1fb93c823e4da,70,206893,0.565,https://api.spotify.com/v1/audio-analysis/5UDqWOgDdixYMAgAyNbpgh,0.65,206893,0.462,5UDqWOgDdixYMAgAyNbpgh,0.00134,6,0.129,-9.375,1,0.0309,86.999,4,https://api.spotify.com/v1/tracks/5UDqWOgDdixYMAgAyNbpgh,audio_features,spotify:track:5UDqWOgDdixYMAgAyNbpgh,0.368,371,138,57,2013-01-01,2013,5UDqWOgDdixYMAgAyNbpgh,Merry Go 'Round,Merry Go 'Round,1
https://i.scdn.co/image/dc94934cecd3416cab869428945bcdca2f3b03fe,Tim McGraw,2499435,https://i.scdn.co/image/182f7c7acf0f4df5e5cb8043c9afed0d4bdf581e,https://i.scdn.co/image/4305d7ba3dbfaecb828692192efb947369db4541,75,276880,0.0216,https://api.spotify.com/v1/audio-analysis/4wFUdSCer8bdQsrp1M90sa,0.47,276880,0.79,4wFUdSCer8bdQsrp1M90sa,0.0,2,0.0863,-5.352,1,0.039,158.061,4,https://api.spotify.com/v1/tracks/4wFUdSCer8bdQsrp1M90sa,audio_features,spotify:track:4wFUdSCer8bdQsrp1M90sa,0.495,517,116,64,2013-01-01,2013,4wFUdSCer8bdQsrp1M90sa,Highway Don't Care,Highway Don't Care,1
https://i.scdn.co/image/30fa9d2014489a8197ef394fff92788496164160,Jason Aldean,2648539,https://i.scdn.co/image/44fd717319a96bf1af017e8778db9dd74029a30c,https://i.scdn.co/image/4304f5964f561b8ea7effa966e3767882b9d8478,78,187613,0.044,https://api.spotify.com/v1/audio-analysis/2o5mwv7hvas1jdUg14Nihv,0.472,187613,0.866,2o5mwv7hvas1jdUg14Nihv,0.0,2,0.213,-3.771,1,0.0413,163.867,4,https://api.spotify.com/v1/tracks/2o5mwv7hvas1jdUg14Nihv,audio_features,spotify:track:2o5mwv7hvas1jdUg14Nihv,0.775,372,138,57,2012-10-16,2012,2o5mwv7hvas1jdUg14Nihv,Take a Little Ride,Take A Little Ride,1
https://i.scdn.co/image/d68defc78c8c70b3fb733e8ac9892cd0455fdddc,"Tyler, The Creator",2344682,https://i.scdn.co/image/bf601f6e3b51a6bc0e45e6a3aba354af9d7d7a39,https://i.scdn.co/image/d60f1bf1aa60de174843646c1346a42ae8e51a63,82,255653,0.0456,https://api.spotify.com/v1/audio-analysis/4bEcoz1OcfMgUbp2ft8ieQ,0.48,255653,0.61,4bEcoz1OcfMgUbp2ft8ieQ,0.0,0,0.313,-7.042,1,0.305,90.034,4,https://api.spotify.com/v1/tracks/4bEcoz1OcfMgUbp2ft8ieQ,audio_features,spotify:track:4bEcoz1OcfMgUbp2ft8ieQ,0.297,939,353,72,2017-07-21,2017,4bEcoz1OcfMgUbp2ft8ieQ,Lonely Boy,911 / Mr. Lonely,1
https://i.scdn.co/image/a738528b13a030a0c0c6a4414aa5a8f84b8e095e,Kelly Clarkson,4160159,https://i.scdn.co/image/5e225f06cf4f2c02262c0fa4b10886824c9b3890,https://i.scdn.co/image/9c93bbf952dff60df8a71a761e55c370ab96daf5,80,221946,0.046,https://api.spotify.com/v1/audio-analysis/6D60klaHqbCl9ySc8VcRss,0.562,221947,0.939,6D60klaHqbCl9ySc8VcRss,0.0,0,0.112,-4.282,1,0.0475,116.044,4,https://api.spotify.com/v1/tracks/6D60klaHqbCl9ySc8VcRss,audio_features,spotify:track:6D60klaHqbCl9ySc8VcRss,0.684,487,112,63,2011-10-24,2011,6D60klaHqbCl9ySc8VcRss,Stronger (What Doesn't Kill You),Stronger (What Doesn't Kill You),1
https://i.scdn.co/image/3e4af6ca77398a23be157e884a1576f8b8e3d075,Taylor Swift,16379598,https://i.scdn.co/image/33bc9128ad82f7d39847b6db6a49d5416502e7e7,https://i.scdn.co/image/cec43c2fb746ea2a0c7546aa3408fe2f94887fe4,89,191880,0.00995,https://api.spotify.com/v1/audio-analysis/7AEAGTc8cReDqcbPoY9gwo,0.622,191880,0.682,7AEAGTc8cReDqcbPoY9gwo,1.11e-05,7,0.112,-5.891,1,0.113,86.035,4,https://api.spotify.com/v1/tracks/7AEAGTc8cReDqcbPoY9gwo,audio_features,spotify:track:7AEAGTc8cReDqcbPoY9gwo,0.781,473,145,63,2012-01-01,2012,7AEAGTc8cReDqcbPoY9gwo,We Are Never Ever Getting Back Together,We Are Never Ever Getting Back Together,1
https://i.scdn.co/image/0c75da9ff305bc3b992812c3e63dc90d8767fceb,Gotye,2124096,https://i.scdn.co/image/3d9e13de7311133f8ace6b9ea6a41cc284305341,https://i.scdn.co/image/fd922f0f217bcb664847d593d33e5ae61ea877da,68,244973,0.565,https://api.spotify.com/v1/audio-analysis/4wCmqSrbyCgxEXROQE6vtV,0.857,244973,0.517,4wCmqSrbyCgxEXROQE6vtV,0.000195,0,0.102,-6.972,1,0.0384,129.063,4,https://api.spotify.com/v1/tracks/4wCmqSrbyCgxEXROQE6vtV,audio_features,spotify:track:4wCmqSrbyCgxEXROQE6vtV,0.754,88,52,72,2011-01-01,2011,4wCmqSrbyCgxEXROQE6vtV,Somebody That I Used to Know,Somebody That I Used To Know - feat. Kimbra,1
https://i.scdn.co/image/33080534f9716c159af3cc491162a3e8745e6d84,Katy Perry,11631159,https://i.scdn.co/image/473d2b4e0386e518e1a8326fa7092dd702c399da,https://i.scdn.co/image/9a2d7b0ce015dea90decae0141b219afe004af25,83,220946,0.0749,https://api.spotify.com/v1/audio-analysis/5JLv62qFIS1DR3zGEcApRt,0.514,220947,0.683,5JLv62qFIS1DR3zGEcApRt,2.64e-06,5,0.392,-5.099,1,0.0367,159.814,4,https://api.spotify.com/v1/tracks/5JLv62qFIS1DR3zGEcApRt,audio_features,spotify:track:5JLv62qFIS1DR3zGEcApRt,0.575,405,134,65,2012-03-12,2012,5JLv62qFIS1DR3zGEcApRt,Wide Awake,Wide Awake,1
https://i.scdn.co/image/45aa3c0ca065d0eebe79193cc6f9753b3d415e9f,fun.,3146564,https://i.scdn.co/image/25eee8e9db00a929448c32f67c7e158b53488979,https://i.scdn.co/image/876de0e2ae7910ee6ad6b3dee6e1408e8d83a207,71,250626,0.02,https://api.spotify.com/v1/audio-analysis/7a86XRg84qjasly9f6bPSD,0.378,250627,0.638,7a86XRg84qjasly9f6bPSD,7.66e-05,10,0.0849,-5.576,1,0.075,184.086,4,https://api.spotify.com/v1/tracks/7a86XRg84qjasly9f6bPSD,audio_features,spotify:track:7a86XRg84qjasly9f6bPSD,0.735,413,124,68,2012-02-21,2012,7a86XRg84qjasly9f6bPSD,We Are Young,We Are Young (feat. Janelle Monáe),1
https://i.scdn.co/image/72837a6092dcf1d604f4d94f1591ce5233cb90c1,Florence + The Machine,4100758,https://i.scdn.co/image/b9e12d1aa93b01b17ce710819df65994ff8c382c,https://i.scdn.co/image/220b6d876dc81f6084204b6a885cd3a3614ccbe0,79,277720,0.0126,https://api.spotify.com/v1/audio-analysis/4lY95OMGb9WxP6IYut64ir,0.519,277720,0.808,4lY95OMGb9WxP6IYut64ir,0.0,10,0.105,-4.097,1,0.0383,107.505,4,https://api.spotify.com/v1/tracks/4lY95OMGb9WxP6IYut64ir,audio_features,spotify:track:4lY95OMGb9WxP6IYut64ir,0.251,646,153,62,2011-01-01,2011,4lY95OMGb9WxP6IYut64ir,Shake It Out,Shake It Out,1
https://i.scdn.co/image/9a1ab63b2e11e622d07f2cd89f33c976743f1fd5,The Weeknd,13472687,https://i.scdn.co/image/6f594793615650a9a6964bd523ef6977ccaaae85,https://i.scdn.co/image/df9086189e64ad3f3dec425f53b0c5f595a787b5,90,221106,0.622,https://api.spotify.com/v1/audio-analysis/4rv1ww0dUwFZcDVPqhcOcX,0.466,221107,0.672,4rv1ww0dUwFZcDVPqhcOcX,0.00108,8,0.147,-5.777,0,0.068,91.673,4,https://api.spotify.com/v1/tracks/4rv1ww0dUwFZcDVPqhcOcX,audio_features,spotify:track:4rv1ww0dUwFZcDVPqhcOcX,0.108,454,147,74,2018-03-30,2018,4rv1ww0dUwFZcDVPqhcOcX,Try,Try Me,1
https://i.scdn.co/image/96c0f06b9ddf27c92535251d6bb069b8b03f61cb,Maroon 5,14429630,https://i.scdn.co/image/34760086fe6f4e6f8121fe00aa4901ace216b268,https://i.scdn.co/image/a6b50b62941f169aea7a48039a509f643c8c69e3,90,231386,0.0136,https://api.spotify.com/v1/audio-analysis/1LmN9SSHISbtp9LoaR5ZVJ,0.739,231387,0.756,1LmN9SSHISbtp9LoaR5ZVJ,0.0,4,0.37,-4.828,1,0.0394,110.028,4,https://api.spotify.com/v1/tracks/1LmN9SSHISbtp9LoaR5ZVJ,audio_features,spotify:track:1LmN9SSHISbtp9LoaR5ZVJ,0.523,635,213,69,2012-01-01,2012,1LmN9SSHISbtp9LoaR5ZVJ,Payphone,Payphone,1
https://i.scdn.co/image/3c8ecd66a7e8a70d3ec7ae961ce823ac76f03539,Carly Rae Jepsen,3010557,https://i.scdn.co/image/b0c0f0a9131008b20fb527922aaad223fa2772c3,https://i.scdn.co/image/de89d116840a29c6c82db69eba966e78ad6b7723,74,193400,0.0123,https://api.spotify.com/v1/audio-analysis/3TGRqZ0a2l1LRblBkJoaDx,0.778,193400,0.585,3TGRqZ0a2l1LRblBkJoaDx,0.0,7,0.108,-6.502,1,0.0435,120.069,4,https://api.spotify.com/v1/tracks/3TGRqZ0a2l1LRblBkJoaDx,audio_features,spotify:track:3TGRqZ0a2l1LRblBkJoaDx,0.626,505,112,66,2012-01-01,2012,3TGRqZ0a2l1LRblBkJoaDx,Call Me Maybe,Call Me Maybe,1
https://i.scdn.co/image/17389ebe9eb4c57cb14aa970cdeb60c214bbb58a,Miguel,1997055,https://i.scdn.co/image/28d1a09d6c7222a74c0a06367c2ed01a16624d71,https://i.scdn.co/image/1b5626d25f4efc8464aed7e56b3db27bee094dcd,82,193146,0.0543,https://api.spotify.com/v1/audio-analysis/25cUhiAod71TIQSNicOaW3,0.625,193147,0.576,25cUhiAod71TIQSNicOaW3,4.07e-05,11,0.187,-5.693,0,0.175,179.063,4,https://api.spotify.com/v1/tracks/25cUhiAod71TIQSNicOaW3,audio_features,spotify:track:25cUhiAod71TIQSNicOaW3,0.235,364,133,64,2012-09-28,2012,25cUhiAod71TIQSNicOaW3,Adorn,Adorn,1
https://i.scdn.co/image/43bf97e5b621230110d3d515bd272bde91059d1f,Ed Sheeran,36361171,https://i.scdn.co/image/f39b705ba6b1070c77bce4e9c21dff5bac96f21c,https://i.scdn.co/image/e21f791b600f04f9dd8ad2b6d9b3304a82e048ca,93,258373,0.669,https://api.spotify.com/v1/audio-analysis/1VdZ0vKfR5jneCmWIUAMxK,0.642,258373,0.289,1VdZ0vKfR5jneCmWIUAMxK,0.0,9,0.18,-9.918,1,0.0367,84.996,4,https://api.spotify.com/v1/tracks/1VdZ0vKfR5jneCmWIUAMxK,audio_features,spotify:track:1VdZ0vKfR5jneCmWIUAMxK,0.407,414,144,76,2011-09-09,2011,1VdZ0vKfR5jneCmWIUAMxK,The A Team,The A Team,1
https://i.scdn.co/image/e67136d00b23acc1b57414c419c47755a9a8280b,Joji,774078,https://i.scdn.co/image/12e3fbaca846a1c2affe9adc54e1052780cc7300,https://i.scdn.co/image/2941e852aeb575f31bea798613a00f5ebb737f5b,85,251015,0.105,https://api.spotify.com/v1/audio-analysis/0Y9D1Bc4fAkeZnVsGKdij6,0.305,251015,0.715,0Y9D1Bc4fAkeZnVsGKdij6,0.0495,7,0.0906,-7.54,1,0.0554,82.977,4,https://api.spotify.com/v1/tracks/0Y9D1Bc4fAkeZnVsGKdij6,audio_features,spotify:track:0Y9D1Bc4fAkeZnVsGKdij6,0.29,221,95,73,2018-10-26,2018,0Y9D1Bc4fAkeZnVsGKdij6,Wanted,WANTED U,1
https://i.scdn.co/image/178f2aa69928c5880fb16ee26e7dabeecd8d50e3,The Lumineers,2809820,https://i.scdn.co/image/05351f4090b3c069c549a248ad792fc7a5d2e3ff,https://i.scdn.co/image/1e0f48b7573d8a8b452b0566e43771b9d810584b,79,163133,0.794,https://api.spotify.com/v1/audio-analysis/0W4Kpfp1w2xkY3PrV714B7,0.685,163133,0.466,0W4Kpfp1w2xkY3PrV714B7,2.06e-06,0,0.0915,-9.074,1,0.0304,79.936,4,https://api.spotify.com/v1/tracks/0W4Kpfp1w2xkY3PrV714B7,audio_features,spotify:track:0W4Kpfp1w2xkY3PrV714B7,0.353,221,82,69,2012-04-03,2012,0W4Kpfp1w2xkY3PrV714B7,Ho Hey,Ho Hey,1
https://i.scdn.co/image/fac5b848793f6b62281c3ca783b8d222d50a04ac,Chord Overstreet,3620,https://i.scdn.co/image/bff07259a5bddec45217abd89127e8324257ab8c,https://i.scdn.co/image/c2386a5bffa0c4e2d05cfa1b4dcd099949f113c3,63,198853,0.497,https://api.spotify.com/v1/audio-analysis/5vjLSffimiIP26QG5WcN2K,0.608,198853,0.445,5vjLSffimiIP26QG5WcN2K,0.0,2,0.0802,-9.551,1,0.055,119.886,4,https://api.spotify.com/v1/tracks/5vjLSffimiIP26QG5WcN2K,audio_features,spotify:track:5vjLSffimiIP26QG5WcN2K,0.189,286,118,75,2017-02-03,2017,5vjLSffimiIP26QG5WcN2K,Hold On,Hold On,1
https://i.scdn.co/image/f9b50da387715d352ee1166790b440db37cf1940,Mumford & Sons,4700022,https://i.scdn.co/image/5cc441aac49c6ba33a40364ebc29462e6942a0af,https://i.scdn.co/image/4d32d9c585878df263d38de930d264f341858fc5,84,276720,0.0103,https://api.spotify.com/v1/audio-analysis/2JHBMVs8E7bJJBLkXpKgHn,0.481,276720,0.766,2JHBMVs8E7bJJBLkXpKgHn,0.0067,1,0.302,-5.208,1,0.0334,131.143,4,https://api.spotify.com/v1/tracks/2JHBMVs8E7bJJBLkXpKgHn,audio_features,spotify:track:2JHBMVs8E7bJJBLkXpKgHn,0.436,257,97,68,2012-09-21,2012,2JHBMVs8E7bJJBLkXpKgHn,I Will Wait,I Will Wait,1
https://i.scdn.co/image/a809b53f724dab8416e399bda6c0fc2a16ab75ed,Frank Ocean,3870090,https://i.scdn.co/image/e42028e7fe5a7ba790b5b4e7b096b06bf3319443,https://i.scdn.co/image/0cc22250c0b18183e5c62f240a5756ec5226dee1,83,592920,0.0134,https://api.spotify.com/v1/audio-analysis/4QhWbupniDd44EDtnh2bFJ,0.405,592920,0.647,4QhWbupniDd44EDtnh2bFJ,7.62e-05,5,0.819,-6.109,0,0.0482,131.952,4,https://api.spotify.com/v1/tracks/4QhWbupniDd44EDtnh2bFJ,audio_features,spotify:track:4QhWbupniDd44EDtnh2bFJ,0.196,628,237,63,2012-01-01,2012,4QhWbupniDd44EDtnh2bFJ,Pyramids,Pyramids,1
https://i.scdn.co/image/58d58cfb95cf86dc967b0001d2cc1784e6dbf0c6,Bruce Springsteen,1828912,https://i.scdn.co/image/1d60663d808ce6ecc8071397f2e23f349ab91df7,https://i.scdn.co/image/e64aa2909d6e742170a4fd039409cccfc3e353e2,77,233946,0.000225,https://api.spotify.com/v1/audio-analysis/4KGbQXQ8HKVypeKJslxQtH,0.611,233947,0.881,4KGbQXQ8HKVypeKJslxQtH,0.0864,5,0.252,-6.061,1,0.0405,122.977,4,https://api.spotify.com/v1/tracks/4KGbQXQ8HKVypeKJslxQtH,audio_features,spotify:track:4KGbQXQ8HKVypeKJslxQtH,0.773,266,86,44,2012-03-06,2012,4KGbQXQ8HKVypeKJslxQtH,We Take Care of Our Own,We Take Care of Our Own,1
https://i.scdn.co/image/9cc572d86fbe8fbcc1c09da9f73371fee1513afd,Jack White,842202,https://i.scdn.co/image/7b1e10b3901056de376d12bb67a54434f7238c93,https://i.scdn.co/image/36a31acd88ad86ab9071eea63a0f9aa03121ce63,62,171640,9.69e-05,https://api.spotify.com/v1/audio-analysis/62jFrzCMncwCQTnt8RcHw7,0.379,171640,0.764,62jFrzCMncwCQTnt8RcHw7,0.0248,9,0.592,-11.383,1,0.0462,160.624,4,https://api.spotify.com/v1/tracks/62jFrzCMncwCQTnt8RcHw7,audio_features,spotify:track:62jFrzCMncwCQTnt8RcHw7,0.521,188,86,43,2012-04-20,2012,62jFrzCMncwCQTnt8RcHw7,Freedom at 21,Freedom At 21,1
https://i.scdn.co/image/458dd53f9b7eababd7fa771869ab5fe1255746ab,88rising,118562,https://i.scdn.co/image/e363f0ace005fd994d3a3f988b56823f25cb1f6f,https://i.scdn.co/image/cbc5ace2140e0edd41c181343adf39c84b2a09b2,74,280841,0.359,https://api.spotify.com/v1/audio-analysis/6TodWdTSDfzwgYynTZSvJn,0.409,280842,0.678,6TodWdTSDfzwgYynTZSvJn,4.76e-06,9,0.167,-7.731,1,0.0878,89.968,4,https://api.spotify.com/v1/tracks/6TodWdTSDfzwgYynTZSvJn,audio_features,spotify:track:6TodWdTSDfzwgYynTZSvJn,0.168,593,255,79,2018-07-20,2018,6TodWdTSDfzwgYynTZSvJn,Madness,Midsummer Madness,1
https://i.scdn.co/image/056c6474014ad6ba1d03db818d6b856b3962e79a,Mery Granados,12916,https://i.scdn.co/image/e525741af914b85e2e927a8715d71f30eadf54a3,https://i.scdn.co/image/b89d781509193676654c25f2c6ab5f374d0c6895,40,146000,0.856,https://api.spotify.com/v1/audio-analysis/4zGg2Ytk5onIEKLfParmQj,0.827,146000,0.183,4zGg2Ytk5onIEKLfParmQj,0.000103,2,0.102,-9.137,0,0.0505,118.341,4,https://api.spotify.com/v1/tracks/4zGg2Ytk5onIEKLfParmQj,audio_features,spotify:track:4zGg2Ytk5onIEKLfParmQj,0.394,1589,627,28,2018-08-17,2018,4zGg2Ytk5onIEKLfParmQj,Set Fire to the Rain (Live),Set Fire To The Rain,1
https://i.scdn.co/image/4dd5a511e378838ef564cc343304019b8f430bcd,Adele,12640203,https://i.scdn.co/image/df070ad127f62d682596e515ac69d5bef56e0897,https://i.scdn.co/image/f8737f6fda048b45efe91f81c2bda2b601ae689c,85,228293,0.131,https://api.spotify.com/v1/audio-analysis/1CkvWZme3pRgbzaxZnTl5X,0.729,228293,0.756,1CkvWZme3pRgbzaxZnTl5X,0.0,8,0.0527,-5.119,1,0.0294,104.945,4,https://api.spotify.com/v1/tracks/1CkvWZme3pRgbzaxZnTl5X,audio_features,spotify:track:1CkvWZme3pRgbzaxZnTl5X,0.522,621,146,72,2011-01-19,2011,1CkvWZme3pRgbzaxZnTl5X,Rolling in the Deep,Rolling in the Deep,1
https://i.scdn.co/image/0a01bbfac984fe3a55192aceea6c0fe9bf495c09,Bruno Mars,18302236,https://i.scdn.co/image/5461dcbb3f23e1df62d85c8273fc49cc4edd49d5,https://i.scdn.co/image/63cad86cb183568085a4e5f0be86aa187cc511e4,90,223253,0.146,https://api.spotify.com/v1/audio-analysis/2tJulUYLDKOg9XrtVkMgcJ,0.706,223253,0.558,2tJulUYLDKOg9XrtVkMgcJ,0.0,2,0.118,-7.237,0,0.0593,110.443,4,https://api.spotify.com/v1/tracks/2tJulUYLDKOg9XrtVkMgcJ,audio_features,spotify:track:2tJulUYLDKOg9XrtVkMgcJ,0.227,480,143,73,2010-10-05,2010,2tJulUYLDKOg9XrtVkMgcJ,Grenade,Grenade,1
https://i.scdn.co/image/33080534f9716c159af3cc491162a3e8745e6d84,Katy Perry,11631167,https://i.scdn.co/image/473d2b4e0386e518e1a8326fa7092dd702c399da,https://i.scdn.co/image/9a2d7b0ce015dea90decae0141b219afe004af25,83,227880,0.139,https://api.spotify.com/v1/audio-analysis/4lCv7b86sLynZbXhfScfm2,0.638,227880,0.826,4lCv7b86sLynZbXhfScfm2,0.0,8,0.0803,-4.968,1,0.0479,124.072,4,https://api.spotify.com/v1/tracks/4lCv7b86sLynZbXhfScfm2,audio_features,spotify:track:4lCv7b86sLynZbXhfScfm2,0.649,474,146,71,2012-03-12,2012,4lCv7b86sLynZbXhfScfm2,Firework,Firework,1
https://i.scdn.co/image/54467957fa60b829db8754d06ed518b0dd7941f7,Nicki Minaj,13363558,https://i.scdn.co/image/36ea258428727a6c9f8b5a6dbe990d5f4957f48a,https://i.scdn.co/image/3f0d8976b4771834103b63aa1b60e98d9e95309f,95,200013,0.269,https://api.spotify.com/v1/audio-analysis/0iYebKFUSfF72fUu2OW6ZT,0.72,200013,0.861,0iYebKFUSfF72fUu2OW6ZT,5.11e-06,11,0.601,-4.339,1,0.209,126.991,4,https://api.spotify.com/v1/tracks/0iYebKFUSfF72fUu2OW6ZT,audio_features,spotify:track:0iYebKFUSfF72fUu2OW6ZT,0.669,848,200,68,2010-01-01,2010,0iYebKFUSfF72fUu2OW6ZT,Super Bass,Super Bass,1
https://i.scdn.co/image/815b51f5a3d2b49d0d05fce5a62a6a92f63ac619,Snoop Dogg,3919114,https://i.scdn.co/image/ed65357f3461e6d3a9283436c5e6992085c6ee94,https://i.scdn.co/image/bd61c60351016c75d2b4184808546181125149dc,85,246320,0.000136,https://api.spotify.com/v1/audio-analysis/5XhkV07Vou38wnrzwURUOC,0.692,246320,0.833,5XhkV07Vou38wnrzwURUOC,1.98e-05,7,0.515,-3.974,1,0.0492,96.814,4,https://api.spotify.com/v1/tracks/5XhkV07Vou38wnrzwURUOC,audio_features,spotify:track:5XhkV07Vou38wnrzwURUOC,0.692,499,214,70,1993,1993,5XhkV07Vou38wnrzwURUOC,What's My Name?,Who Am I (What's My Name)?,1
https://i.scdn.co/image/15f95fb58aab0ef346f5241283f8ae955ff1226e,Lil Wayne,6903131,https://i.scdn.co/image/3c7abd562ec4d3e75cb99186404baa2035a5040b,https://i.scdn.co/image/5571c43301ca9d2bf86c768d3946ea946f6d270d,92,316192,0.0216,https://api.spotify.com/v1/audio-analysis/3BUWNzPWz2mDbptZmGEXpB,0.552,316192,0.562,3BUWNzPWz2mDbptZmGEXpB,0.0,11,0.302,-6.862,1,0.164,135.014,4,https://api.spotify.com/v1/tracks/3BUWNzPWz2mDbptZmGEXpB,audio_features,spotify:track:3BUWNzPWz2mDbptZmGEXpB,0.439,984,340,73,2018-09-28,2018,3BUWNzPWz2mDbptZmGEXpB,Work Out,Let It All Work Out,1
https://i.scdn.co/image/459a41f6504626d0290335a7c349d5c8f02f6503,Big Sean,5322085,https://i.scdn.co/image/75050184de713540aab408913f2b2d53cb45974f,https://i.scdn.co/image/3e078572245ba8875cc2f04fa9ac817d1aaccaff,85,284386,0.0372,https://api.spotify.com/v1/audio-analysis/7FYH5AW3bVfZHJIQpq3UOA,0.822,284387,0.734,7FYH5AW3bVfZHJIQpq3UOA,0.0,1,0.325,-5.48,1,0.0738,97.998,4,https://api.spotify.com/v1/tracks/7FYH5AW3bVfZHJIQpq3UOA,audio_features,spotify:track:7FYH5AW3bVfZHJIQpq3UOA,0.425,1188,343,74,2015-02-24,2015,7FYH5AW3bVfZHJIQpq3UOA,You and I,I Don't Fuck With You,1
https://i.scdn.co/image/fb4998c955d8eba049ffbfc7ab8523a4a4a1f7e9,Foster The People,2343647,https://i.scdn.co/image/bbd6f13209660cd11f5de06859639ce97bbb0096,https://i.scdn.co/image/23c70fd2867d9e335b224cc52e55d81d69ecf879,77,239600,0.145,https://api.spotify.com/v1/audio-analysis/7w87IxuO7BDcJ3YUqCyMTT,0.733,239600,0.71,7w87IxuO7BDcJ3YUqCyMTT,0.115,5,0.0956,-5.849,0,0.0292,127.975,4,https://api.spotify.com/v1/tracks/7w87IxuO7BDcJ3YUqCyMTT,audio_features,spotify:track:7w87IxuO7BDcJ3YUqCyMTT,0.965,488,106,82,2011-05-23,2011,7w87IxuO7BDcJ3YUqCyMTT,Pumped Up Kicks,Pumped Up Kicks,1
https://i.scdn.co/image/7e80ff5eb7d04084caba4459b95a0f16e40cceb6,Skrillex,6889434,https://i.scdn.co/image/28918526a33f4b2505117f6bfc21d4124ab9c132,https://i.scdn.co/image/b7cdad5c37c10263f97e93fd4836d4f6dfdfac1a,81,243353,0.00336,https://api.spotify.com/v1/audio-analysis/4rwpZEcnalkuhPyGkEdhu0,0.523,243354,0.944,4rwpZEcnalkuhPyGkEdhu0,0.557,7,0.119,-3.581,0,0.0837,139.997,4,https://api.spotify.com/v1/tracks/4rwpZEcnalkuhPyGkEdhu0,audio_features,spotify:track:4rwpZEcnalkuhPyGkEdhu0,0.324,144,31,59,2010-12-21,2010,4rwpZEcnalkuhPyGkEdhu0,Scary Monsters and Nice Sprites,Scary Monsters And Nice Sprites,1
https://i.scdn.co/image/e7a649b3890dc849e0f1597d6d12b4342e03ce5f,Coldplay,16181602,https://i.scdn.co/image/cb8339bc2406e0106b290cd8a0f5522441e2584f,https://i.scdn.co/image/871c38c7f11cbba8c21ff66b703661434cd2f495,89,278719,0.0522,https://api.spotify.com/v1/audio-analysis/6nek1Nin9q48AVZcWs9e9D,0.449,278719,0.585,6nek1Nin9q48AVZcWs9e9D,8.49e-05,5,0.0833,-6.762,1,0.0268,139.627,4,https://api.spotify.com/v1/tracks/6nek1Nin9q48AVZcWs9e9D,audio_features,spotify:track:6nek1Nin9q48AVZcWs9e9D,0.203,242,89,78,2011-10-24,2011,6nek1Nin9q48AVZcWs9e9D,Paradise,Paradise,1
https://i.scdn.co/image/4a05d4f5bec8e872222f9a0e2adb1b1cbc91ea36,Rich The Kid,1261569,https://i.scdn.co/image/49ce81e5bf3f8d19942da407b4a9680cdbad5292,https://i.scdn.co/image/1ad7a7b37cd74e4de759f33418058f00e509a4e9,84,175229,0.202,https://api.spotify.com/v1/audio-analysis/1ZAyjvIk9YiD76yYy0TEG6,0.876,175230,0.519,1ZAyjvIk9YiD76yYy0TEG6,0.0,11,0.108,-6.531,1,0.143,94.981,4,https://api.spotify.com/v1/tracks/1ZAyjvIk9YiD76yYy0TEG6,audio_features,spotify:track:1ZAyjvIk9YiD76yYy0TEG6,0.158,514,176,84,2018-03-30,2018,1ZAyjvIk9YiD76yYy0TEG6,Walk,Plug Walk,1
https://i.scdn.co/image/4768f5da23e347c1c332e2d023bce083e4d8fabd,The Band Perry,835480,https://i.scdn.co/image/d425127d2764d140c85bd3f96a9c44d6f3c8d9f5,https://i.scdn.co/image/8ef71ba636b75c7d98ddb1a8c8f5d83d8b80019b,62,222773,0.348,https://api.spotify.com/v1/audio-analysis/4u26EevCNXMhlvE1xFBJwX,0.606,222773,0.497,4u26EevCNXMhlvE1xFBJwX,0.0,4,0.275,-6.611,1,0.0277,130.739,4,https://api.spotify.com/v1/tracks/4u26EevCNXMhlvE1xFBJwX,audio_features,spotify:track:4u26EevCNXMhlvE1xFBJwX,0.362,433,174,66,2010-01-01,2010,4u26EevCNXMhlvE1xFBJwX,If I Die Young,If I Die Young,1
https://i.scdn.co/image/948db5b3ea7eb242ae50cb5c28a432507c3fd953,Mumford & Sons,4700022,https://i.scdn.co/image/5cc441aac49c6ba33a40364ebc29462e6942a0af,https://i.scdn.co/image/4d32d9c585878df263d38de930d264f341858fc5,84,217986,0.0606,https://api.spotify.com/v1/audio-analysis/3pLTOP0G0etiWUknFoRpsr,0.576,217987,0.486,3pLTOP0G0etiWUknFoRpsr,0.000143,4,0.093,-9.364,1,0.0406,141.951,4,https://api.spotify.com/v1/tracks/3pLTOP0G0etiWUknFoRpsr,audio_features,spotify:track:3pLTOP0G0etiWUknFoRpsr,0.337,340,134,68,2009,2009,3pLTOP0G0etiWUknFoRpsr,The Cave,The Cave,1
https://i.scdn.co/image/c8392321689a5d5966362b52b114a3edf078db78,Bon Iver,2137589,https://i.scdn.co/image/fb146ca5e799d8feb3040eddfd52464c09cb4f96,https://i.scdn.co/image/0739e045db56b6d047c6b34063ff4e3aca21b4a0,76,336613,0.943,https://api.spotify.com/v1/audio-analysis/4fbvXwMTXPWaFyaMWUm9CR,0.375,336613,0.304,4fbvXwMTXPWaFyaMWUm9CR,0.303,1,0.126,-14.52,1,0.0302,147.989,4,https://api.spotify.com/v1/tracks/4fbvXwMTXPWaFyaMWUm9CR,audio_features,spotify:track:4fbvXwMTXPWaFyaMWUm9CR,0.147,248,110,69,2011-06-21,2011,4fbvXwMTXPWaFyaMWUm9CR,Holocene,Holocene,1
https://i.scdn.co/image/16b70ad4f6f7dda353d9a985347a202375c3c32c,Lady Antebellum,2251089,https://i.scdn.co/image/0ef98b4b159c5e505fa755378ce956835fe81f02,https://i.scdn.co/image/6d2e26bc205ed4585c8136fd2b7752c3f3c082a8,71,218840,0.446,https://api.spotify.com/v1/audio-analysis/2nRvKHh2mtOfIQ4jcAkP9q,0.593,218840,0.639,2nRvKHh2mtOfIQ4jcAkP9q,0.0,1,0.0998,-5.826,1,0.0307,142.881,4,https://api.spotify.com/v1/tracks/2nRvKHh2mtOfIQ4jcAkP9q,audio_features,spotify:track:2nRvKHh2mtOfIQ4jcAkP9q,0.332,372,113,58,2011-01-01,2011,2nRvKHh2mtOfIQ4jcAkP9q,Just a Kiss,Just A Kiss,1
https://i.scdn.co/image/9f18c4d28fe6636efbf88fb0bac13b91c97eaabe,G-Eazy,3561225,https://i.scdn.co/image/b1b5076582c4a9eb39a4bb3ef16018951a76dca4,https://i.scdn.co/image/9c35fbd7d6cf90c1f31e3a3c63a48e495ff3b0ff,86,236480,0.125,https://api.spotify.com/v1/audio-analysis/6jmTHeoWvBaSrwWttr8Xvu,0.712,236480,0.562,6jmTHeoWvBaSrwWttr8Xvu,0.0,10,0.136,-6.008,1,0.129,140.0,4,https://api.spotify.com/v1/tracks/6jmTHeoWvBaSrwWttr8Xvu,audio_features,spotify:track:6jmTHeoWvBaSrwWttr8Xvu,0.142,637,215,74,2014-06-20,2014,6jmTHeoWvBaSrwWttr8Xvu,Mean,I Mean It,1
https://i.scdn.co/image/6158ff9f13a00a5058ce4dc77f08efe092427d43,Blake Shelton,3887538,https://i.scdn.co/image/463c09daf8057e8a1adfc9a709f10f89ca76d9e9,https://i.scdn.co/image/768dc39978a2083174311664e3f15011ff9f7049,75,210720,0.00167,https://api.spotify.com/v1/audio-analysis/0gY2iq0xJPRoIB1PScKSw4,0.481,210720,0.849,0gY2iq0xJPRoIB1PScKSw4,1.49e-06,4,0.121,-5.131,1,0.0385,205.57,4,https://api.spotify.com/v1/tracks/0gY2iq0xJPRoIB1PScKSw4,audio_features,spotify:track:0gY2iq0xJPRoIB1PScKSw4,0.723,388,143,62,2011-07-11,2011,0gY2iq0xJPRoIB1PScKSw4,Honey Bee,Honey Bee,1
https://i.scdn.co/image/c30c5a1f34af124cf3a0762683885859236fc148,Eric Church,1754767,https://i.scdn.co/image/98dedabb54bf5f756c05036d9be3fa970065f07e,https://i.scdn.co/image/ce794e14a0683a16c3a70963418d936f55c20ea9,75,191306,0.00635,https://api.spotify.com/v1/audio-analysis/1cktZnxiONH0hR6Q3DKy8h,0.626,191307,0.913,1cktZnxiONH0hR6Q3DKy8h,0.0,0,0.293,-4.452,1,0.0318,113.044,4,https://api.spotify.com/v1/tracks/1cktZnxiONH0hR6Q3DKy8h,audio_features,spotify:track:1cktZnxiONH0hR6Q3DKy8h,0.946,469,155,65,2011-01-01,2011,1cktZnxiONH0hR6Q3DKy8h,Drink in My Hand,Drink In My Hand,1
https://i.scdn.co/image/f5da638260e91e6a34c2a68b8914b1b81c6dc7cf,Buddy Holly,417078,https://i.scdn.co/image/6291c6dce69ccc5bf017a2a348c8b7e507882e0c,https://i.scdn.co/image/a6f9cbb13f743c1b397e73e77d564603ea8a7c1a,60,111626,0.881,https://api.spotify.com/v1/audio-analysis/54IBCkYRiqFuPuu5UzNQqU,0.583,111627,0.121,54IBCkYRiqFuPuu5UzNQqU,2.37e-06,5,0.115,-12.729,0,0.0335,113.999,4,https://api.spotify.com/v1/tracks/54IBCkYRiqFuPuu5UzNQqU,audio_features,spotify:track:54IBCkYRiqFuPuu5UzNQqU,0.341,108,58,37,2011-01-01,2011,54IBCkYRiqFuPuu5UzNQqU,Dearest,Dearest,1
https://i.scdn.co/image/43f7fb4f8799fe95beedab292b0aaafa1184464a,Jason Aldean,2648539,https://i.scdn.co/image/44fd717319a96bf1af017e8778db9dd74029a30c,https://i.scdn.co/image/4304f5964f561b8ea7effa966e3767882b9d8478,78,256440,0.129,https://api.spotify.com/v1/audio-analysis/7CZiLgkiVHhFcDkI2Y4lZ4,0.445,256440,0.631,7CZiLgkiVHhFcDkI2Y4lZ4,0.0,11,0.0911,-4.798,1,0.0304,143.846,4,https://api.spotify.com/v1/tracks/7CZiLgkiVHhFcDkI2Y4lZ4,audio_features,spotify:track:7CZiLgkiVHhFcDkI2Y4lZ4,0.152,298,81,57,2010-11-02,2010,7CZiLgkiVHhFcDkI2Y4lZ4,Don't You Wanna Stay,Don't You Wanna Stay (with Kelly Clarkson),1
https://i.scdn.co/image/bf682c1cdbd803cccb2cecbc1f64342ec25efd7f,Zara Larsson,3828440,https://i.scdn.co/image/7451ff746492192208dd1ccf38ddab9600aef7fe,https://i.scdn.co/image/0be4cf47a6840b94a627dd4f3f949522560ef23c,84,213427,0.00312,https://api.spotify.com/v1/audio-analysis/6hmhG1b4LEyNuashVvuIAo,0.583,213428,0.732,6hmhG1b4LEyNuashVvuIAo,9.86e-06,11,0.269,-5.728,0,0.0457,145.992,4,https://api.spotify.com/v1/tracks/6hmhG1b4LEyNuashVvuIAo,audio_features,spotify:track:6hmhG1b4LEyNuashVvuIAo,0.276,583,131,79,2017-03-17,2017,6hmhG1b4LEyNuashVvuIAo,Forget You,Never Forget You,1
https://i.scdn.co/image/51a14afa5f6c046d2776d75152fb8e95958a7b7d,B.o.B,1459278,https://i.scdn.co/image/2aab2e297aa6f56bc3722a86823f4dbe6574a2b5,https://i.scdn.co/image/5ee36819912b6638dc3f66603cee07cb20eb7759,76,268320,0.386,https://api.spotify.com/v1/audio-analysis/59dLtGBS26x7kc0rHbaPrq,0.688,268320,0.853,59dLtGBS26x7kc0rHbaPrq,0.0,10,0.0862,-5.814,1,0.0493,103.993,4,https://api.spotify.com/v1/tracks/59dLtGBS26x7kc0rHbaPrq,audio_features,spotify:track:59dLtGBS26x7kc0rHbaPrq,0.743,2976,1194,69,2010-04-26,2010,59dLtGBS26x7kc0rHbaPrq,Nothin' on You,Nothin' On You (feat. Bruno Mars),1
https://i.scdn.co/image/33080534f9716c159af3cc491162a3e8745e6d84,Katy Perry,11631165,https://i.scdn.co/image/473d2b4e0386e518e1a8326fa7092dd702c399da,https://i.scdn.co/image/9a2d7b0ce015dea90decae0141b219afe004af25,83,234653,0.00446,https://api.spotify.com/v1/audio-analysis/6tS3XVuOyu10897O3ae7bi,0.791,234653,0.754,6tS3XVuOyu10897O3ae7bi,0.0,0,0.163,-3.729,1,0.0569,125.014,4,https://api.spotify.com/v1/tracks/6tS3XVuOyu10897O3ae7bi,audio_features,spotify:track:6tS3XVuOyu10897O3ae7bi,0.425,509,207,67,2012-03-12,2012,6tS3XVuOyu10897O3ae7bi,California Gurls,California Gurls,1
https://i.scdn.co/image/09f74537afef05a012f912a6531cb7707cdf166e,Lady Gaga,6056682,https://i.scdn.co/image/4fb4cec0ed27f5e933f3ca8e8e2410b0b3b52623,https://i.scdn.co/image/ab1f49b3c51613a517e01eae5173fde2b3fdabaa,92,220626,0.00748,https://api.spotify.com/v1/audio-analysis/1IaYWv32nFFMdljBIjMY5T,0.827,220627,0.821,1IaYWv32nFFMdljBIjMY5T,0.0015,3,0.115,-5.864,1,0.0419,122.017,4,https://api.spotify.com/v1/tracks/1IaYWv32nFFMdljBIjMY5T,audio_features,spotify:track:1IaYWv32nFFMdljBIjMY5T,0.684,896,170,71,2009-01-01,2009,1IaYWv32nFFMdljBIjMY5T,Telephone,Telephone,1
https://i.scdn.co/image/e1e39d7fc409f95d2b3c04964875fb0d7f1fe8a0,Eminem,22171345,https://i.scdn.co/image/ed213a32e1327f3f2d7b2539eb1db57f55b68dbb,https://i.scdn.co/image/ae8dd3b01ada324eeb8c0b341e8f7ebda406095e,95,263373,0.241,https://api.spotify.com/v1/audio-analysis/15JINEqzVMv3SvJTAXAKED,0.749,263373,0.925,15JINEqzVMv3SvJTAXAKED,0.0,10,0.52,-5.034,1,0.227,86.989,4,https://api.spotify.com/v1/tracks/15JINEqzVMv3SvJTAXAKED,audio_features,spotify:track:15JINEqzVMv3SvJTAXAKED,0.641,906,297,79,2010-06-18,2010,15JINEqzVMv3SvJTAXAKED,Love the Way You Lie,Love The Way You Lie,1
https://i.scdn.co/image/6367750596480e94c3c3a6dde656b71162578032,Lady Antebellum,2251089,https://i.scdn.co/image/0ef98b4b159c5e505fa755378ce956835fe81f02,https://i.scdn.co/image/6d2e26bc205ed4585c8136fd2b7752c3f3c082a8,71,277573,0.0927,https://api.spotify.com/v1/audio-analysis/11EX5yhxr9Ihl3IN1asrfK,0.587,277573,0.622,11EX5yhxr9Ihl3IN1asrfK,0.000636,4,0.2,-5.535,1,0.0303,107.943,4,https://api.spotify.com/v1/tracks/11EX5yhxr9Ihl3IN1asrfK,audio_features,spotify:track:11EX5yhxr9Ihl3IN1asrfK,0.231,295,97,64,2010-01-01,2010,11EX5yhxr9Ihl3IN1asrfK,Need You Now,Need You Now,1
https://i.scdn.co/image/75e90ce91798e339ccee3835267f0918acb98700,Arcade Fire,1381619,https://i.scdn.co/image/a9b5eb07f07bb17e2c81288bd6c7a3d9d9b7d60b,https://i.scdn.co/image/b24cac2dedc6d9739f0fd5eef5a82bdf8fe1b4b6,72,255893,0.12,https://api.spotify.com/v1/audio-analysis/01wsKcJ8ptqUmatpJlEGYj,0.282,255893,0.932,01wsKcJ8ptqUmatpJlEGYj,0.0335,9,0.0692,-4.701,1,0.0387,190.08,4,https://api.spotify.com/v1/tracks/01wsKcJ8ptqUmatpJlEGYj,audio_features,spotify:track:01wsKcJ8ptqUmatpJlEGYj,0.536,325,107,60,2010,2010,01wsKcJ8ptqUmatpJlEGYj,Ready to Start,Ready to Start,1
https://i.scdn.co/image/b77fbdd2a659faa40cef58ce78370b371d0798c3,Adam Lambert,796751,https://i.scdn.co/image/523506495c78705e49bfd920c62510619eca1294,https://i.scdn.co/image/6c7f8a25068c469a6b1812af44aa9f3dd1323655,65,227320,0.00706,https://api.spotify.com/v1/audio-analysis/2rDwdvBma1O1eLzo29p2cr,0.44,227320,0.683,2rDwdvBma1O1eLzo29p2cr,0.0,11,0.0593,-4.732,0,0.0489,185.948,4,https://api.spotify.com/v1/tracks/2rDwdvBma1O1eLzo29p2cr,audio_features,spotify:track:2rDwdvBma1O1eLzo29p2cr,0.445,398,94,63,2009-11-20,2009,2rDwdvBma1O1eLzo29p2cr,Whataya Want from Me,Whataya Want from Me,1
https://i.scdn.co/image/4b2d6adf523ac55d209f629ef80d2e5383679ec8,John Mayer,3253765,https://i.scdn.co/image/f7e61cec6de0cc08d23bb72b6bf9a2de6e908daa,https://i.scdn.co/image/6032c7a0ca9539419d13adee201381f53beeb224,84,250373,0.435,https://api.spotify.com/v1/audio-analysis/7hR5toSPEgwFZ78jfHdANM,0.681,250373,0.593,7hR5toSPEgwFZ78jfHdANM,0.000117,5,0.106,-9.327,1,0.0251,115.058,4,https://api.spotify.com/v1/tracks/7hR5toSPEgwFZ78jfHdANM,audio_features,spotify:track:7hR5toSPEgwFZ78jfHdANM,0.731,394,131,64,2009-11-13,2009,7hR5toSPEgwFZ78jfHdANM,Half of My Heart,Half of My Heart,1
https://i.scdn.co/image/a36af441d14c778cebee850f3b526ef0c692cba5,Michael Bublé,2813734,https://i.scdn.co/image/d5308b295fd53042e5fd5498505695e9362549e9,https://i.scdn.co/image/87c11cf100dc95936eaa0c4486ee9f5ca0ccfc6c,87,244586,0.152,https://api.spotify.com/v1/audio-analysis/4fIWvT19w9PR0VVBuPYpWA,0.615,244587,0.733,4fIWvT19w9PR0VVBuPYpWA,0.0,8,0.109,-4.808,1,0.0335,122.58,4,https://api.spotify.com/v1/tracks/4fIWvT19w9PR0VVBuPYpWA,audio_features,spotify:track:4fIWvT19w9PR0VVBuPYpWA,0.796,417,127,74,2009-10-06,2009,4fIWvT19w9PR0VVBuPYpWA,Haven't Met You Yet,Haven't Met You Yet,1
https://i.scdn.co/image/0a01bbfac984fe3a55192aceea6c0fe9bf495c09,Bruno Mars,18302252,https://i.scdn.co/image/5461dcbb3f23e1df62d85c8273fc49cc4edd49d5,https://i.scdn.co/image/63cad86cb183568085a4e5f0be86aa187cc511e4,90,220733,0.0151,https://api.spotify.com/v1/audio-analysis/7BqBn9nzAq8spo5e7cZ0dJ,0.637,220733,0.843,7BqBn9nzAq8spo5e7cZ0dJ,0.0,5,0.0876,-5.413,1,0.0432,109.012,4,https://api.spotify.com/v1/tracks/7BqBn9nzAq8spo5e7cZ0dJ,audio_features,spotify:track:7BqBn9nzAq8spo5e7cZ0dJ,0.434,350,109,78,2010-10-05,2010,7BqBn9nzAq8spo5e7cZ0dJ,Just the Way You Are,Just The Way You Are,1
https://i.scdn.co/image/04a174ded20126aa83fc6dd821c424a00f02b972,Scotty McCreery,392358,https://i.scdn.co/image/9c16014071ebd775db43106960d1aa5005e87f49,https://i.scdn.co/image/d8b4859e5fc1fc295dafa6e5ec3885f8d67309d8,65,230973,0.254,https://api.spotify.com/v1/audio-analysis/34DFpyq5NJJ79GnGbbJH3p,0.557,230973,0.511,34DFpyq5NJJ79GnGbbJH3p,0.0,8,0.099,-6.788,1,0.0291,156.042,4,https://api.spotify.com/v1/tracks/34DFpyq5NJJ79GnGbbJH3p,audio_features,spotify:track:34DFpyq5NJJ79GnGbbJH3p,0.602,342,123,67,2018-03-16,2018,34DFpyq5NJJ79GnGbbJH3p,This Is It,This Is It,1
https://i.scdn.co/image/0e0c37e0286001f9f3fe8a045d533d88bbd10206,Ray LaMontagne,607291,https://i.scdn.co/image/4155c145804baab1bd3ce86eb45265e3662b9c6d,https://i.scdn.co/image/cd2d80b7d927f50a02545e73f17d7cf6826e3b6d,69,272666,0.461,https://api.spotify.com/v1/audio-analysis/7fMYBrlKl9mkcMTUGT4j6l,0.472,272667,0.55,7fMYBrlKl9mkcMTUGT4j6l,0.000555,6,0.172,-8.516,1,0.028,148.101,4,https://api.spotify.com/v1/tracks/7fMYBrlKl9mkcMTUGT4j6l,audio_features,spotify:track:7fMYBrlKl9mkcMTUGT4j6l,0.395,313,116,50,2010-08-13,2010,7fMYBrlKl9mkcMTUGT4j6l,Beg Steal or Borrow,Beg Steal or Borrow,1
https://i.scdn.co/image/fc19101105c419dcbeae9f51c5cf653df24801de,Miranda Lambert,1690898,https://i.scdn.co/image/f44af6e7f384629802977698bcd593b7e295c796,https://i.scdn.co/image/9bd184a0cafaa0005282e978cc785295cb5cf608,70,236626,0.575,https://api.spotify.com/v1/audio-analysis/02eD9ymfJOJOhM97HYp5R9,0.515,236627,0.3,02eD9ymfJOJOhM97HYp5R9,8.46e-06,5,0.115,-8.005,1,0.0289,81.12,4,https://api.spotify.com/v1/tracks/02eD9ymfJOJOhM97HYp5R9,audio_features,spotify:track:02eD9ymfJOJOhM97HYp5R9,0.206,218,143,62,2009-09-24,2009,02eD9ymfJOJOhM97HYp5R9,The House That Built Me,The House That Built Me,1
https://i.scdn.co/image/dcd27548a309c004eba928404a5d78c61cbcba4a,Sade,1337596,https://i.scdn.co/image/2eb59d541712f8e3605f88fc60716b300d8f5077,https://i.scdn.co/image/6cf602de7041643a38c05c3ac628020973a254b1,72,278267,0.0387,https://api.spotify.com/v1/audio-analysis/10kh9WpO4XlJWhJKfW4I7t,0.76,278640,0.595,10kh9WpO4XlJWhJKfW4I7t,4.89e-05,11,0.0835,-9.481,0,0.0354,137.993,4,https://api.spotify.com/v1/tracks/10kh9WpO4XlJWhJKfW4I7t,audio_features,spotify:track:10kh9WpO4XlJWhJKfW4I7t,0.745,274,127,49,2010-02-05,2010,10kh9WpO4XlJWhJKfW4I7t,Babyfather,Babyfather,1
https://i.scdn.co/image/4f0396064baeb8a83ea109cfd4239781a43555eb,Paramore,3704327,https://i.scdn.co/image/55726b7da76df219951096059779e6bf7ea9fda8,https://i.scdn.co/image/daf5fdb29d70e6eead5d10ed4ea1e62d64de593f,79,267653,0.144,https://api.spotify.com/v1/audio-analysis/7JIuqL4ZqkpfGKQhYlrirs,0.452,267653,0.563,7JIuqL4ZqkpfGKQhYlrirs,0.0,4,0.143,-6.607,1,0.0272,137.715,3,https://api.spotify.com/v1/tracks/7JIuqL4ZqkpfGKQhYlrirs,audio_features,spotify:track:7JIuqL4ZqkpfGKQhYlrirs,0.209,296,129,69,2009-09-28,2009,7JIuqL4ZqkpfGKQhYlrirs,The Only Exception,The Only Exception,1
https://i.scdn.co/image/d80afc4af1d3c28f7137a4490d898e78ce5ebffe,Spencer Clarke,88,https://i.scdn.co/image/75dc9289cbb53e8cf6a0e288cbc54173979759a4,https://i.scdn.co/image/3696ed563bf58ea7e9daa99d19aa8e4b4dc6933d,20,219733,0.546,https://api.spotify.com/v1/audio-analysis/2TFzGFasVgyelz5tH8rFmu,0.711,219733,0.357,2TFzGFasVgyelz5tH8rFmu,0.0,8,0.362,-12.735,1,0.027,96.889,4,https://api.spotify.com/v1/tracks/2TFzGFasVgyelz5tH8rFmu,audio_features,spotify:track:2TFzGFasVgyelz5tH8rFmu,0.62,19353,3762,32,2011-02-27,2011,2TFzGFasVgyelz5tH8rFmu,"Hey, Soul Sister (live)","Hey, Soul Sister (The Live Lounge)",1
https://i.scdn.co/image/b7bf9e682e3dca64d2396bdea7b56005f23448ed,Paramore,3704327,https://i.scdn.co/image/55726b7da76df219951096059779e6bf7ea9fda8,https://i.scdn.co/image/daf5fdb29d70e6eead5d10ed4ea1e62d64de593f,79,211520,0.00272,https://api.spotify.com/v1/audio-analysis/6SpLc7EXZIPpy0sVko0aoU,0.517,211520,0.906,6SpLc7EXZIPpy0sVko0aoU,9.26e-06,1,0.113,-3.677,1,0.0735,172.977,4,https://api.spotify.com/v1/tracks/6SpLc7EXZIPpy0sVko0aoU,audio_features,spotify:track:6SpLc7EXZIPpy0sVko0aoU,0.731,492,160,69,2007-06-11,2007,6SpLc7EXZIPpy0sVko0aoU,Misery,Misery Business,1
